file,expression,valence,arousal
Dataset\images\0.jpg,0,-0.176846,-0.0776398
Dataset\images\1.jpg,0,-0.367789,0.183895
Dataset\images\10.jpg,7,-0.648471,0.658149
Dataset\images\100.jpg,3,0.150794,0.666667
Dataset\images\1001.jpg,0,-0.135501,0.00483933
Dataset\images\1002.jpg,4,-0.11451,0.857748
Dataset\images\1003.jpg,5,-0.642857,0.484127
Dataset\images\1007.jpg,2,-0.796971,-0.229129
Dataset\images\1008.jpg,6,-0.336439,0.655625
Dataset\images\1009.jpg,3,0.179911,0.788547
Dataset\images\101.jpg,1,0.357143,0.0793651
Dataset\images\1010.jpg,2,-0.539165,-0.181159
Dataset\images\1011.jpg,4,-0.150794,0.603175
Dataset\images\1012.jpg,1,0.785714,-0.103175
Dataset\images\1013.jpg,7,-0.619048,0.642857
Dataset\images\1014.jpg,7,-0.284392,0.608466
Dataset\images\1016.jpg,2,-0.405757,-0.279436
Dataset\images\1017.jpg,0,0.0105352,0.00526759
Dataset\images\1018.jpg,5,-0.793651,0.512969
Dataset\images\1019.jpg,0,0.0996214,0.0398486
Dataset\images\102.jpg,2,-0.796971,-0.164375
Dataset\images\1020.jpg,6,-0.325397,0.404762
Dataset\images\1021.jpg,4,-0.119546,0.831839
Dataset\images\1022.jpg,2,-0.111111,-0.333333
Dataset\images\1023.jpg,2,-0.119048,-0.357143
Dataset\images\1024.jpg,3,0.237127,0.595238
Dataset\images\1025.jpg,0,0.0,-0.00793651
Dataset\images\1026.jpg,0,-0.111111,-0.0714286
Dataset\images\1028.jpg,3,0.336439,0.819531
Dataset\images\1029.jpg,0,-0.0445038,-0.148346
Dataset\images\103.jpg,2,-0.611111,-0.285714
Dataset\images\1030.jpg,4,-0.0677507,0.958188
Dataset\images\1031.jpg,7,-0.227449,0.271003
Dataset\images\1032.jpg,0,0.0301932,-0.01294
Dataset\images\1033.jpg,4,-0.0483933,0.604917
Dataset\images\1034.jpg,2,-0.825397,-0.34127
Dataset\images\1036.jpg,2,-0.813008,-0.275842
Dataset\images\1037.jpg,4,-0.087108,0.94367
Dataset\images\1038.jpg,2,-0.944444,-0.222222
Dataset\images\1039.jpg,0,0.0,0.015873
Dataset\images\104.jpg,2,-0.857143,-0.238095
Dataset\images\1040.jpg,3,0.222609,0.566202
Dataset\images\1041.jpg,0,0.031746,-0.0238095
Dataset\images\1043.jpg,1,0.875919,0.0532327
Dataset\images\1045.jpg,2,-0.638792,-0.401665
Dataset\images\1046.jpg,7,-0.624274,0.662989
Dataset\images\1048.jpg,4,-0.0931239,0.767643
Dataset\images\1049.jpg,6,-0.516224,0.732195
Dataset\images\105.jpg,2,-0.944171,-0.280875
Dataset\images\1050.jpg,0,0.0,0.00793651
Dataset\images\1051.jpg,7,-0.569358,0.63147
Dataset\images\1052.jpg,1,0.650794,-0.119048
Dataset\images\1053.jpg,3,0.120983,0.575881
Dataset\images\1056.jpg,7,-0.595238,0.677507
Dataset\images\1057.jpg,2,-0.692137,-0.294473
Dataset\images\1058.jpg,7,0.261324,0.774293
Dataset\images\1059.jpg,7,-0.595238,0.634921
Dataset\images\1060.jpg,4,-0.135501,0.885598
Dataset\images\1061.jpg,2,-0.111111,-0.626984
Dataset\images\1062.jpg,5,-0.674603,0.484127
Dataset\images\1063.jpg,7,-0.626566,0.633528
Dataset\images\1064.jpg,6,-0.396825,0.785714
Dataset\images\1066.jpg,7,-0.650794,0.650794
Dataset\images\1067.jpg,2,-0.723473,-0.252641
Dataset\images\1068.jpg,7,-0.333914,0.367789
Dataset\images\1069.jpg,7,-0.612575,0.618354
Dataset\images\107.jpg,2,-0.842044,-0.246806
Dataset\images\1071.jpg,5,-0.4151,0.642231
Dataset\images\1073.jpg,7,-0.585559,0.65331
Dataset\images\1074.jpg,2,-0.111111,-0.301587
Dataset\images\1076.jpg,7,-0.619048,0.674603
Dataset\images\1077.jpg,3,0.453013,0.747998
Dataset\images\1078.jpg,2,-0.396825,-0.145503
Dataset\images\1081.jpg,2,-0.904762,-0.103175
Dataset\images\1083.jpg,2,-0.716221,-0.285521
Dataset\images\1084.jpg,7,-0.575881,0.648471
Dataset\images\1085.jpg,1,0.556418,-0.0905797
Dataset\images\1086.jpg,1,0.735579,0.07259
Dataset\images\1087.jpg,1,0.873351,0.186248
Dataset\images\1088.jpg,2,-0.0873016,-0.563492
Dataset\images\1089.jpg,2,-0.491718,-0.172533
Dataset\images\109.jpg,2,-0.735579,-0.183895
Dataset\images\1090.jpg,2,-0.933991,-0.319396
Dataset\images\1091.jpg,7,-0.391986,0.358111
Dataset\images\1092.jpg,4,-0.150794,0.761905
Dataset\images\1094.jpg,6,-0.563492,0.261905
Dataset\images\1095.jpg,2,-0.783972,-0.261324
Dataset\images\1096.jpg,2,-0.703071,-0.232919
Dataset\images\1097.jpg,6,-0.325397,0.373016
Dataset\images\1099.jpg,1,0.595238,-0.13169
Dataset\images\1100.jpg,7,-0.285521,0.324235
Dataset\images\1103.jpg,0,-0.28445,-0.121155
Dataset\images\1105.jpg,7,-0.57484,0.708352
Dataset\images\1106.jpg,0,-0.43721,0.115887
Dataset\images\1107.jpg,1,0.505689,0.121155
Dataset\images\1108.jpg,7,-0.411343,0.454897
Dataset\images\1109.jpg,0,0.0238095,0.031746
Dataset\images\1112.jpg,6,-0.198413,0.461525
Dataset\images\1113.jpg,6,-0.246032,0.420635
Dataset\images\1115.jpg,4,-0.150794,0.849206
Dataset\images\1116.jpg,4,-0.0774293,0.716221
Dataset\images\1117.jpg,6,-0.7259,0.430701
Dataset\images\1118.jpg,6,-0.87108,0.246806
Dataset\images\112.jpg,2,-0.650794,-0.285714
Dataset\images\1124.jpg,3,0.214286,0.785714
Dataset\images\1125.jpg,0,0.0,0.00483933
Dataset\images\1127.jpg,3,0.261905,0.825397
Dataset\images\1128.jpg,6,-0.532027,0.821745
Dataset\images\113.jpg,4,-0.179055,0.769454
Dataset\images\1130.jpg,5,-0.764615,0.314557
Dataset\images\1131.jpg,7,-0.459737,0.488773
Dataset\images\1132.jpg,0,0.00862664,-0.00431332
Dataset\images\1133.jpg,6,-0.842044,0.237127
Dataset\images\1135.jpg,6,-0.436508,0.793651
Dataset\images\1136.jpg,7,-0.537956,0.672445
Dataset\images\1138.jpg,2,-0.842624,-0.391064
Dataset\images\114.jpg,1,0.515873,-0.00793651
Dataset\images\1140.jpg,1,0.888889,0.134921
Dataset\images\1141.jpg,0,0.0,0.015873
Dataset\images\1143.jpg,4,-0.0396825,0.984127
Dataset\images\1144.jpg,4,-0.111305,0.769454
Dataset\images\1145.jpg,4,-0.0950652,0.553107
Dataset\images\1146.jpg,0,0.0038279,0.0
Dataset\images\1147.jpg,1,0.510957,0.0895491
Dataset\images\1148.jpg,3,-0.0316056,0.863885
Dataset\images\1149.jpg,2,-0.716011,-0.172533
Dataset\images\1151.jpg,4,-0.087108,0.788811
Dataset\images\1152.jpg,4,-0.0946404,0.831839
Dataset\images\1153.jpg,5,-0.500856,0.264271
Dataset\images\1155.jpg,0,0.0,0.0
Dataset\images\1157.jpg,4,-0.174603,0.761905
Dataset\images\1159.jpg,0,0.015873,0.0
Dataset\images\116.jpg,1,0.765579,0.0459348
Dataset\images\1161.jpg,0,-0.0396825,-0.0634921
Dataset\images\1164.jpg,7,-0.626984,0.634921
Dataset\images\1165.jpg,4,-0.15276,0.790139
Dataset\images\1167.jpg,3,0.280681,0.817847
Dataset\images\1168.jpg,5,-0.753266,0.500421
Dataset\images\1169.jpg,2,-0.493126,-0.254035
Dataset\images\1170.jpg,4,-0.0776398,0.491718
Dataset\images\1171.jpg,1,0.614075,0.0941832
Dataset\images\1172.jpg,4,-0.159394,0.83682
Dataset\images\1173.jpg,3,-0.0316056,0.906026
Dataset\images\1174.jpg,4,-0.171958,0.87963
Dataset\images\1176.jpg,4,-0.087108,0.512969
Dataset\images\1177.jpg,7,-0.630888,0.693544
Dataset\images\1178.jpg,3,0.0421407,0.85335
Dataset\images\1179.jpg,3,0.0453035,0.679553
Dataset\images\118.jpg,2,-0.701703,0.532327
Dataset\images\1180.jpg,7,-0.672667,0.667828
Dataset\images\1181.jpg,1,0.505689,0.0948167
Dataset\images\1183.jpg,5,-0.774293,0.459737
Dataset\images\1184.jpg,3,0.280681,0.542005
Dataset\images\1185.jpg,7,-0.440379,0.498451
Dataset\images\1186.jpg,1,0.479094,0.0774293
Dataset\images\1188.jpg,7,-0.445219,0.469415
Dataset\images\119.jpg,0,-0.0301932,0.0819531
Dataset\images\1190.jpg,5,-0.696864,0.488773
Dataset\images\1191.jpg,7,-0.672667,0.667828
Dataset\images\1192.jpg,1,0.662226,0.493799
Dataset\images\1193.jpg,4,-0.129508,0.851763
Dataset\images\1194.jpg,5,-0.764615,0.425861
Dataset\images\1195.jpg,7,-0.58072,0.658149
Dataset\images\1197.jpg,1,0.543478,-0.0776398
Dataset\images\1199.jpg,0,0.0,0.0
Dataset\images\120.jpg,6,-0.14234,0.340752
Dataset\images\1200.jpg,0,0.0,-0.00793651
Dataset\images\1201.jpg,0,0.00862664,0.0517598
Dataset\images\1203.jpg,7,-0.65331,0.662989
Dataset\images\1204.jpg,4,-0.142857,0.809524
Dataset\images\1206.jpg,2,-0.537166,-0.314557
Dataset\images\1208.jpg,2,-0.65873,-0.31746
Dataset\images\1209.jpg,4,-0.139147,0.71782
Dataset\images\121.jpg,4,-0.111305,0.643631
Dataset\images\1210.jpg,5,-0.730159,0.428571
Dataset\images\1211.jpg,5,-0.140341,0.285521
Dataset\images\1212.jpg,5,-0.352444,0.328947
Dataset\images\1213.jpg,7,-0.412698,0.142857
Dataset\images\1214.jpg,2,-0.452381,-0.238095
Dataset\images\1215.jpg,5,-0.65873,0.47619
Dataset\images\1216.jpg,7,-0.428571,0.333333
Dataset\images\1217.jpg,7,-0.575881,0.682346
Dataset\images\122.jpg,1,0.523809,0.714286
Dataset\images\1222.jpg,6,-0.219979,0.457212
Dataset\images\1223.jpg,5,-0.428571,0.714286
Dataset\images\1224.jpg,0,0.00432115,0.00432115
Dataset\images\1228.jpg,7,-0.469415,0.527487
Dataset\images\1229.jpg,3,0.198413,0.698413
Dataset\images\123.jpg,3,0.222609,0.638792
Dataset\images\1231.jpg,6,-0.15873,0.373016
Dataset\images\1232.jpg,1,0.888889,0.214286
Dataset\images\1233.jpg,6,-0.373016,0.396825
Dataset\images\1235.jpg,0,0.0880902,-0.0251686
Dataset\images\1236.jpg,6,-0.555556,0.349206
Dataset\images\1238.jpg,6,-0.453013,0.811209
Dataset\images\1239.jpg,7,-0.634921,0.706349
Dataset\images\1241.jpg,5,-0.788811,0.464576
Dataset\images\1242.jpg,0,0.0105352,-0.0105352
Dataset\images\1243.jpg,3,0.388524,0.518031
Dataset\images\1244.jpg,0,0.00793651,0.0
Dataset\images\1245.jpg,2,-0.365079,-0.253968
Dataset\images\1246.jpg,1,0.620119,0.0267953
Dataset\images\1247.jpg,5,-0.183895,0.512969
Dataset\images\1248.jpg,1,0.982385,0.043554
Dataset\images\1249.jpg,7,-0.65873,0.634921
Dataset\images\1250.jpg,1,0.555556,-0.238095
Dataset\images\1252.jpg,7,-0.638792,0.65331
Dataset\images\1253.jpg,5,-0.702407,0.418345
Dataset\images\1256.jpg,4,-0.0714286,0.68254
Dataset\images\1258.jpg,7,-0.619435,0.648471
Dataset\images\1259.jpg,1,0.865079,0.253968
Dataset\images\126.jpg,1,0.571429,0.0952381
Dataset\images\1260.jpg,5,-0.4151,0.673559
Dataset\images\1261.jpg,2,-0.507936,-0.206349
Dataset\images\1262.jpg,5,-0.707238,0.392631
Dataset\images\1263.jpg,0,0.0,-0.015873
Dataset\images\1265.jpg,3,0.0427716,0.563159
Dataset\images\1268.jpg,4,-0.0677507,0.808169
Dataset\images\1269.jpg,4,-0.134921,0.730159
Dataset\images\1271.jpg,7,0.150794,0.468254
Dataset\images\1273.jpg,5,-0.769841,0.388889
Dataset\images\1274.jpg,5,-0.896825,0.412698
Dataset\images\1275.jpg,3,0.169377,0.595238
Dataset\images\1276.jpg,0,-0.0714286,-0.047619
Dataset\images\1278.jpg,5,-0.801587,0.333333
Dataset\images\1279.jpg,3,0.391986,0.764615
Dataset\images\128.jpg,0,-0.447745,0.158028
Dataset\images\1280.jpg,3,0.421022,0.861401
Dataset\images\1281.jpg,1,0.51305,0.249054
Dataset\images\1282.jpg,0,-0.00648172,-0.00648172
Dataset\images\1283.jpg,5,-0.788811,0.450058
Dataset\images\1284.jpg,1,0.516224,0.110619
Dataset\images\1285.jpg,3,0.246032,0.753968
Dataset\images\1286.jpg,3,0.203252,0.672667
Dataset\images\1290.jpg,5,-0.65873,0.428571
Dataset\images\1291.jpg,1,0.759144,0.258799
Dataset\images\1293.jpg,2,-0.952381,-0.111111
Dataset\images\1294.jpg,4,-0.126984,0.65873
Dataset\images\1295.jpg,1,0.727301,0.118665
Dataset\images\1298.jpg,7,-0.567423,0.619344
Dataset\images\1299.jpg,0,-0.00793651,0.00793651
Dataset\images\130.jpg,2,-0.238095,-0.34127
Dataset\images\1301.jpg,0,-0.069735,-0.0597729
Dataset\images\1302.jpg,6,-0.609756,0.430701
Dataset\images\1304.jpg,0,-0.00862664,0.0819531
Dataset\images\1306.jpg,4,-0.111111,0.944444
Dataset\images\1307.jpg,4,-0.150693,0.727095
Dataset\images\1308.jpg,4,-0.119546,0.851763
Dataset\images\1309.jpg,1,0.91104,0.271781
Dataset\images\131.jpg,5,-0.674603,0.468254
Dataset\images\1310.jpg,0,-0.0793651,-0.0555556
Dataset\images\1312.jpg,5,-0.725953,0.49045
Dataset\images\1313.jpg,5,-0.694444,0.401139
Dataset\images\1315.jpg,7,-0.658149,0.658149
Dataset\images\1317.jpg,5,-0.764615,0.382307
Dataset\images\1318.jpg,0,0.0,-0.00793651
Dataset\images\1319.jpg,6,-0.112146,0.271739
Dataset\images\1323.jpg,3,0.503291,0.842044
Dataset\images\1324.jpg,5,-0.764615,0.416183
Dataset\images\1326.jpg,2,-0.817847,-0.43554
Dataset\images\1328.jpg,6,-0.46324,0.821877
Dataset\images\1329.jpg,6,-0.34127,0.523809
Dataset\images\1330.jpg,2,-0.846782,-0.249054
Dataset\images\1331.jpg,0,0.01294,-0.00431332
Dataset\images\1333.jpg,6,-0.614595,0.396825
Dataset\images\1334.jpg,3,-0.0790139,0.800674
Dataset\images\1335.jpg,0,0.179055,-0.0822687
Dataset\images\1337.jpg,7,-0.348432,0.391986
Dataset\images\1338.jpg,7,-0.681366,0.681366
Dataset\images\134.jpg,7,-0.295199,0.682346
Dataset\images\1340.jpg,7,-0.309717,0.348432
Dataset\images\1341.jpg,0,-0.28445,0.316056
Dataset\images\1342.jpg,0,-0.00967867,-0.029036
Dataset\images\1343.jpg,1,0.651311,0.0690131
Dataset\images\1344.jpg,6,-0.391986,0.648471
Dataset\images\1345.jpg,6,-0.146653,0.409765
Dataset\images\1347.jpg,7,-0.65331,0.65331
Dataset\images\1349.jpg,1,0.495154,0.13169
Dataset\images\135.jpg,0,0.13169,-0.215971
Dataset\images\1350.jpg,2,-0.666667,-0.365079
Dataset\images\1351.jpg,4,-0.295199,0.783972
Dataset\images\1352.jpg,4,-0.150794,0.84127
Dataset\images\1355.jpg,5,-0.642857,0.753968
Dataset\images\1356.jpg,3,0.401665,0.851723
Dataset\images\1357.jpg,6,-0.300039,0.609756
Dataset\images\1359.jpg,3,0.138427,0.661935
Dataset\images\136.jpg,1,0.900116,-0.140341
Dataset\images\1361.jpg,3,0.015873,0.571429
Dataset\images\1363.jpg,4,-0.106465,0.779133
Dataset\images\1364.jpg,6,-0.421022,0.793651
Dataset\images\1365.jpg,3,0.166667,0.666667
Dataset\images\1366.jpg,6,-0.388889,0.380952
Dataset\images\1367.jpg,6,-0.325397,0.642857
Dataset\images\1368.jpg,5,-0.803858,0.447864
Dataset\images\137.jpg,6,-0.711125,0.458281
Dataset\images\1370.jpg,0,0.190476,0.00793651
Dataset\images\1372.jpg,5,0.212931,0.822687
Dataset\images\1374.jpg,1,0.750268,0.137804
Dataset\images\1376.jpg,4,-0.142857,0.793651
Dataset\images\1377.jpg,5,-0.793651,0.428571
Dataset\images\138.jpg,6,-0.721061,0.425861
Dataset\images\1380.jpg,2,-0.928571,-0.214286
Dataset\images\1381.jpg,7,-0.464576,0.522648
Dataset\images\1383.jpg,3,0.164537,0.604917
Dataset\images\1384.jpg,7,-0.677507,0.687185
Dataset\images\1386.jpg,7,-0.666667,0.642857
Dataset\images\1387.jpg,4,-0.159882,0.723792
Dataset\images\1388.jpg,0,0.015873,0.00793651
Dataset\images\139.jpg,3,0.391986,0.745257
Dataset\images\1390.jpg,3,0.387147,0.885598
Dataset\images\1394.jpg,7,-0.396825,0.474255
Dataset\images\1396.jpg,5,-0.738784,0.459348
Dataset\images\1397.jpg,5,-0.742731,0.495154
Dataset\images\1398.jpg,3,0.566202,0.692025
Dataset\images\14.jpg,7,-0.626984,0.611111
Dataset\images\1400.jpg,2,-0.561363,-0.358111
Dataset\images\1402.jpg,7,-0.634921,0.650794
Dataset\images\1403.jpg,4,-0.194262,0.871688
Dataset\images\1404.jpg,6,-0.277778,0.619048
Dataset\images\1405.jpg,7,-0.15873,0.555556
Dataset\images\1406.jpg,3,0.279372,0.737441
Dataset\images\1407.jpg,0,-0.0793651,-0.047619
Dataset\images\1409.jpg,2,-0.707672,-0.231481
Dataset\images\1410.jpg,6,-0.388889,0.309524
Dataset\images\1411.jpg,2,-0.119048,-0.0634921
Dataset\images\1412.jpg,2,-0.952381,-0.198413
Dataset\images\1414.jpg,0,0.150794,0.0
Dataset\images\1415.jpg,0,0.00793651,0.00793651
Dataset\images\1417.jpg,1,0.912698,0.253968
Dataset\images\1418.jpg,0,0.0,-0.00483933
Dataset\images\1419.jpg,4,-0.126984,0.968254
Dataset\images\142.jpg,5,-0.599551,0.340752
Dataset\images\1420.jpg,6,-0.488145,0.821877
Dataset\images\1421.jpg,2,-0.888889,-0.309524
Dataset\images\1423.jpg,3,0.107833,0.439959
Dataset\images\1428.jpg,3,0.176846,0.569358
Dataset\images\1429.jpg,2,-0.857143,-0.380952
Dataset\images\1430.jpg,4,-0.174338,0.851763
Dataset\images\1431.jpg,3,0.0684787,0.848083
Dataset\images\1432.jpg,1,0.425633,0.144758
Dataset\images\1434.jpg,6,-0.318789,0.483164
Dataset\images\1435.jpg,6,-0.256469,0.486143
Dataset\images\1437.jpg,1,0.827526,0.116144
Dataset\images\1439.jpg,4,-0.266291,0.736216
Dataset\images\144.jpg,5,-0.68254,0.47619
Dataset\images\1440.jpg,6,-0.238095,0.539683
Dataset\images\1441.jpg,3,0.253968,0.857143
Dataset\images\1442.jpg,4,-0.108225,0.548676
Dataset\images\1443.jpg,0,0.015873,0.0
Dataset\images\1444.jpg,5,-0.607691,0.473202
Dataset\images\1445.jpg,4,-0.0532327,0.94367
Dataset\images\1446.jpg,1,0.873016,0.142857
Dataset\images\1447.jpg,2,-0.230159,-0.18254
Dataset\images\1448.jpg,1,0.801953,0.388524
Dataset\images\1449.jpg,4,-0.137804,0.777063
Dataset\images\145.jpg,5,-0.769454,0.522648
Dataset\images\1450.jpg,2,-0.0793651,-0.388889
Dataset\images\1451.jpg,1,0.692025,0.0774293
Dataset\images\1452.jpg,2,-0.865079,-0.484127
Dataset\images\1453.jpg,4,-0.125823,0.909795
Dataset\images\1454.jpg,2,-0.111111,-0.563492
Dataset\images\1455.jpg,6,-0.338753,0.271003
Dataset\images\1456.jpg,0,0.252844,-0.347661
Dataset\images\1457.jpg,5,-0.873016,0.428571
Dataset\images\1458.jpg,0,0.00862664,0.00862664
Dataset\images\1459.jpg,1,0.52381,0.00793651
Dataset\images\146.jpg,1,0.498451,0.0822687
Dataset\images\1460.jpg,0,0.00862664,0.0258799
Dataset\images\1462.jpg,0,0.304878,0.140341
Dataset\images\1463.jpg,4,-0.100675,0.704722
Dataset\images\1464.jpg,1,0.874421,-0.0895491
Dataset\images\1465.jpg,4,-0.119048,0.738095
Dataset\images\1466.jpg,3,0.199051,0.876589
Dataset\images\1468.jpg,1,0.866977,0.107833
Dataset\images\1469.jpg,2,-0.658149,-0.212931
Dataset\images\147.jpg,0,-0.0448296,0.0547918
Dataset\images\1470.jpg,7,-0.47619,0.674603
Dataset\images\1472.jpg,0,-0.00483933,0.0677507
Dataset\images\1473.jpg,5,-0.208091,0.179055
Dataset\images\1476.jpg,6,-0.705858,0.43721
Dataset\images\1478.jpg,4,-0.0862664,0.405452
Dataset\images\148.jpg,5,-0.597729,0.483164
Dataset\images\1480.jpg,2,-0.721061,-0.314557
Dataset\images\1481.jpg,6,-0.285521,0.561363
Dataset\images\1485.jpg,6,-0.293651,0.563492
Dataset\images\1486.jpg,4,-0.121359,0.502774
Dataset\images\1487.jpg,5,-0.68254,0.460317
Dataset\images\1488.jpg,1,0.838033,0.0234962
Dataset\images\149.jpg,2,-0.674603,-0.460317
Dataset\images\1491.jpg,1,0.832471,0.0992063
Dataset\images\1492.jpg,6,-0.732195,0.426675
Dataset\images\1494.jpg,5,-0.696864,0.421022
Dataset\images\1496.jpg,4,-0.087108,0.885598
Dataset\images\1498.jpg,5,-0.444444,0.674603
Dataset\images\1499.jpg,5,-0.690476,0.388889
Dataset\images\15.jpg,6,-0.539683,0.357143
Dataset\images\150.jpg,0,-0.00431332,-0.00862664
Dataset\images\1500.jpg,4,-0.0517598,0.746204
Dataset\images\1501.jpg,1,0.774293,0.0774293
Dataset\images\1502.jpg,2,-0.692025,-0.367789
Dataset\images\1504.jpg,7,-0.47619,0.642857
Dataset\images\1505.jpg,0,0.015873,0.031746
Dataset\images\1506.jpg,0,-0.400337,0.136957
Dataset\images\1507.jpg,4,-0.0873016,0.912698
Dataset\images\1509.jpg,0,0.166667,-0.166667
Dataset\images\151.jpg,1,0.539683,0.0
Dataset\images\1510.jpg,3,0.120773,0.582298
Dataset\images\1511.jpg,5,-0.801587,0.396825
Dataset\images\1512.jpg,3,0.266163,0.706543
Dataset\images\1513.jpg,7,-0.119048,0.563492
Dataset\images\1514.jpg,7,-0.535454,0.613433
Dataset\images\1515.jpg,4,-0.0931677,0.766046
Dataset\images\1517.jpg,1,0.484127,0.0238095
Dataset\images\1518.jpg,2,-0.746204,-0.288992
Dataset\images\1519.jpg,7,-0.428571,0.484127
Dataset\images\1520.jpg,4,-0.144451,0.821877
Dataset\images\1523.jpg,2,-0.500345,-0.1294
Dataset\images\1524.jpg,2,-0.501455,-0.0459348
Dataset\images\1526.jpg,7,-0.672667,0.658149
Dataset\images\1529.jpg,4,-0.206349,0.888889
Dataset\images\153.jpg,3,-0.043554,0.416183
Dataset\images\1530.jpg,3,0.203252,0.813008
Dataset\images\1531.jpg,2,-0.81746,-0.365079
Dataset\images\1532.jpg,0,0.00431332,-0.0474465
Dataset\images\1533.jpg,2,-0.790139,-0.28445
Dataset\images\1534.jpg,5,-0.735579,0.474255
Dataset\images\1535.jpg,4,-0.126984,0.746032
Dataset\images\1536.jpg,2,-0.711382,-0.401665
Dataset\images\1537.jpg,7,-0.421022,0.658149
Dataset\images\1539.jpg,6,-0.367789,0.600077
Dataset\images\154.jpg,1,0.774293,0.111305
Dataset\images\1540.jpg,3,0.529387,0.743725
Dataset\images\1541.jpg,1,0.784719,0.222018
Dataset\images\1542.jpg,3,0.185473,0.737578
Dataset\images\1544.jpg,2,-0.690131,-0.241546
Dataset\images\1545.jpg,1,0.563492,0.0
Dataset\images\1546.jpg,5,-0.698413,0.404762
Dataset\images\1547.jpg,2,-0.825397,-0.396825
Dataset\images\1549.jpg,1,0.750268,0.153116
Dataset\images\155.jpg,4,-0.0503373,0.963959
Dataset\images\1550.jpg,1,0.753266,-0.0737463
Dataset\images\1552.jpg,5,-0.396825,0.31746
Dataset\images\1553.jpg,3,0.150693,0.866486
Dataset\images\1554.jpg,2,-0.522648,-0.285521
Dataset\images\1555.jpg,5,-0.604961,0.155561
Dataset\images\1556.jpg,7,-0.672667,0.672667
Dataset\images\1557.jpg,4,-0.030248,0.803733
Dataset\images\1560.jpg,0,-0.353271,0.29036
Dataset\images\1561.jpg,1,0.677507,0.029036
Dataset\images\1564.jpg,7,-0.198413,0.532327
Dataset\images\1565.jpg,3,0.111111,0.507936
Dataset\images\1566.jpg,6,-0.428724,0.708161
Dataset\images\1567.jpg,6,-0.65331,0.430701
Dataset\images\1569.jpg,7,-0.256485,0.261324
Dataset\images\157.jpg,1,0.515873,0.0
Dataset\images\1570.jpg,1,0.753968,0.0793651
Dataset\images\1571.jpg,5,-0.695322,0.479351
Dataset\images\1573.jpg,1,0.516224,0.100084
Dataset\images\1576.jpg,0,0.0238095,0.00793651
Dataset\images\1577.jpg,7,-0.800737,0.499575
Dataset\images\1578.jpg,1,0.521492,0.110619
Dataset\images\1579.jpg,7,-0.634921,0.666667
Dataset\images\158.jpg,0,-0.0967867,0.271003
Dataset\images\1580.jpg,1,0.775646,-0.0821018
Dataset\images\1581.jpg,1,0.543478,-0.0603865
Dataset\images\1584.jpg,5,-0.793651,0.452381
Dataset\images\1586.jpg,4,-0.174603,0.936508
Dataset\images\1587.jpg,0,-0.119546,0.114565
Dataset\images\1588.jpg,4,-0.0629113,0.730739
Dataset\images\1589.jpg,6,-0.460317,0.761905
Dataset\images\1590.jpg,2,-0.214286,-0.301587
Dataset\images\1591.jpg,0,0.00793651,-0.015873
Dataset\images\1592.jpg,5,-0.595238,0.482625
Dataset\images\1593.jpg,7,-0.304878,0.348432
Dataset\images\1595.jpg,4,-0.111305,0.817847
Dataset\images\1596.jpg,3,0.37358,0.577804
Dataset\images\1598.jpg,4,-0.0338753,0.832365
Dataset\images\1599.jpg,2,-0.813008,-0.338753
Dataset\images\16.jpg,1,0.537295,0.115887
Dataset\images\160.jpg,7,-0.449678,0.465273
Dataset\images\1600.jpg,1,0.793651,-0.014518
Dataset\images\1601.jpg,3,0.231774,0.83228
Dataset\images\1602.jpg,7,-0.65331,0.658149
Dataset\images\1603.jpg,1,0.881514,0.155561
Dataset\images\1604.jpg,7,-0.614595,0.667828
Dataset\images\1606.jpg,0,-0.0038279,-0.0153116
Dataset\images\1609.jpg,2,-0.79199,-0.219167
Dataset\images\1610.jpg,1,0.855587,0.235503
Dataset\images\1611.jpg,7,-0.65457,0.658398
Dataset\images\1613.jpg,3,0.384774,0.872844
Dataset\images\1614.jpg,2,-0.293651,-0.396825
Dataset\images\1615.jpg,5,-0.642231,0.736216
Dataset\images\1616.jpg,5,-0.477757,0.665727
Dataset\images\1617.jpg,7,-0.436508,0.309524
Dataset\images\1618.jpg,1,0.563632,0.173831
Dataset\images\162.jpg,4,-0.0532327,0.94851
Dataset\images\1621.jpg,7,-0.222609,0.237127
Dataset\images\1622.jpg,4,-0.0873016,0.595238
Dataset\images\1623.jpg,0,-0.058072,-0.0774293
Dataset\images\1624.jpg,0,-0.00862664,0.0
Dataset\images\1625.jpg,1,0.595238,0.0634921
Dataset\images\1626.jpg,7,-0.307057,0.352361
Dataset\images\1627.jpg,6,-0.483164,0.821877
Dataset\images\1628.jpg,6,-0.585559,0.624274
Dataset\images\1629.jpg,2,-0.573671,-0.181159
Dataset\images\1631.jpg,4,-0.0952381,0.515873
Dataset\images\1632.jpg,2,-0.866241,-0.353271
Dataset\images\1633.jpg,7,-0.474255,0.50813
Dataset\images\1635.jpg,0,-0.047619,-0.047619
Dataset\images\1636.jpg,3,0.0,0.571429
Dataset\images\1637.jpg,2,-0.872872,-0.369458
Dataset\images\1638.jpg,1,0.703071,0.0603865
Dataset\images\1639.jpg,6,-0.438334,0.806934
Dataset\images\1640.jpg,0,0.0238095,-0.00793651
Dataset\images\1641.jpg,4,-0.214286,0.563492
Dataset\images\1643.jpg,0,0.01294,-0.0172533
Dataset\images\1644.jpg,1,0.648471,0.0
Dataset\images\1645.jpg,3,0.169377,0.58072
Dataset\images\1646.jpg,2,-0.735579,-0.275842
Dataset\images\1647.jpg,1,0.571429,0.015873
Dataset\images\1649.jpg,4,-0.118259,0.725323
Dataset\images\165.jpg,0,0.0172533,0.00431332
Dataset\images\1651.jpg,1,0.492063,0.0238095
Dataset\images\1652.jpg,3,0.626984,0.769841
Dataset\images\1653.jpg,7,-0.534552,0.720483
Dataset\images\1654.jpg,5,-0.314557,0.590399
Dataset\images\1655.jpg,0,-0.327207,-0.132275
Dataset\images\1656.jpg,6,-0.72166,0.431943
Dataset\images\1657.jpg,4,-0.122493,0.727301
Dataset\images\1658.jpg,7,-0.650794,0.619048
Dataset\images\1659.jpg,4,-0.150019,0.774293
Dataset\images\166.jpg,5,-0.833333,0.357143
Dataset\images\1661.jpg,0,-0.0172533,0.0
Dataset\images\1662.jpg,1,0.627775,0.0765579
Dataset\images\1663.jpg,0,-0.174603,0.222222
Dataset\images\1664.jpg,0,0.00793651,0.00793651
Dataset\images\1666.jpg,6,-0.555556,0.468254
Dataset\images\1667.jpg,3,0.50813,0.624274
Dataset\images\1668.jpg,2,-0.705858,-0.226507
Dataset\images\1669.jpg,7,-0.648471,0.638792
Dataset\images\167.jpg,2,-0.36295,-0.208091
Dataset\images\1670.jpg,5,-0.753968,0.349206
Dataset\images\1671.jpg,1,0.542005,0.029036
Dataset\images\1672.jpg,7,-0.111305,0.682346
Dataset\images\1674.jpg,3,0.234962,0.8302
Dataset\images\1675.jpg,2,-0.535714,-0.330688
Dataset\images\1677.jpg,0,0.0,0.0238095
Dataset\images\1678.jpg,7,-0.541463,0.611927
Dataset\images\1679.jpg,2,-0.658149,-0.183895
Dataset\images\168.jpg,7,-0.607121,0.650333
Dataset\images\1680.jpg,7,-0.638792,0.65331
Dataset\images\1683.jpg,7,-0.650794,0.650794
Dataset\images\1685.jpg,2,-0.857143,-0.222222
Dataset\images\1686.jpg,0,0.0,0.0
Dataset\images\1687.jpg,4,-0.0905797,0.668564
Dataset\images\1689.jpg,7,-0.600077,0.633953
Dataset\images\169.jpg,7,-0.469415,0.672667
Dataset\images\1690.jpg,5,-0.460317,0.65873
Dataset\images\1692.jpg,0,0.204224,0.119546
Dataset\images\1693.jpg,1,0.526759,0.136957
Dataset\images\1695.jpg,3,0.430701,0.842044
Dataset\images\1696.jpg,3,0.111111,0.849206
Dataset\images\1698.jpg,6,-0.517809,0.750097
Dataset\images\1699.jpg,4,-0.0387147,0.682346
Dataset\images\17.jpg,4,-0.246032,0.793651
Dataset\images\1700.jpg,1,0.650794,0.031746
Dataset\images\1701.jpg,2,-0.734956,-0.325371
Dataset\images\1702.jpg,5,-0.747998,0.489886
Dataset\images\1704.jpg,4,-0.174603,0.507936
Dataset\images\1705.jpg,5,-0.722222,0.428571
Dataset\images\1706.jpg,1,0.701058,0.0595238
Dataset\images\1709.jpg,3,0.00793651,0.460317
Dataset\images\171.jpg,0,-0.0396825,0.0396825
Dataset\images\1710.jpg,7,-0.532975,0.65252
Dataset\images\1711.jpg,2,-0.603175,-0.309524
Dataset\images\1712.jpg,3,0.14518,0.861401
Dataset\images\1713.jpg,5,-0.766966,0.469993
Dataset\images\1714.jpg,1,0.531746,0.0238095
Dataset\images\1715.jpg,2,-0.708161,-0.271781
Dataset\images\1716.jpg,2,-0.388889,-0.174603
Dataset\images\1718.jpg,2,-0.851763,-0.259016
Dataset\images\1720.jpg,4,-0.111111,0.896825
Dataset\images\1725.jpg,0,-0.0714286,-0.0952381
Dataset\images\1727.jpg,2,-0.886243,-0.291005
Dataset\images\1728.jpg,2,-0.0555556,-0.34127
Dataset\images\1729.jpg,1,0.740741,0.0925926
Dataset\images\173.jpg,0,0.00967867,0.00967867
Dataset\images\1730.jpg,3,0.135501,0.493612
Dataset\images\1731.jpg,3,0.313808,0.677426
Dataset\images\1734.jpg,1,0.711698,0.0905797
Dataset\images\1735.jpg,6,-0.763801,0.458281
Dataset\images\1738.jpg,7,-0.650794,0.650794
Dataset\images\1739.jpg,2,-0.872761,-0.229674
Dataset\images\174.jpg,4,-0.198843,0.562958
Dataset\images\1740.jpg,1,0.813008,0.241967
Dataset\images\1742.jpg,6,-0.307818,0.537754
Dataset\images\1743.jpg,0,0.0558909,0.0782473
Dataset\images\1744.jpg,0,0.00483933,0.00483933
Dataset\images\1745.jpg,3,0.133976,0.800031
Dataset\images\1746.jpg,4,-0.159394,0.866706
Dataset\images\1747.jpg,1,0.542562,0.136957
Dataset\images\175.jpg,4,-0.548942,0.542328
Dataset\images\1750.jpg,1,0.595238,-0.14518
Dataset\images\1751.jpg,2,-0.65457,-0.279436
Dataset\images\1752.jpg,0,0.00793651,0.00793651
Dataset\images\1754.jpg,7,-0.625431,0.672878
Dataset\images\1755.jpg,5,-0.666667,0.420635
Dataset\images\1756.jpg,6,-0.444036,0.727301
Dataset\images\1757.jpg,6,-0.822687,0.193573
Dataset\images\1758.jpg,6,-0.289439,0.51344
Dataset\images\176.jpg,6,-0.5,0.31746
Dataset\images\1760.jpg,0,-0.00431332,0.0172533
Dataset\images\1762.jpg,4,-0.154859,0.754936
Dataset\images\1763.jpg,4,-0.0873016,0.587302
Dataset\images\1764.jpg,2,-0.587302,-0.015873
Dataset\images\1765.jpg,3,0.15873,0.849206
Dataset\images\1766.jpg,5,-0.734127,0.496032
Dataset\images\1767.jpg,3,0.324235,0.764615
Dataset\images\177.jpg,4,-0.138889,0.773809
Dataset\images\1770.jpg,1,0.854037,0.14234
Dataset\images\1771.jpg,6,-0.134921,0.349206
Dataset\images\1772.jpg,4,-0.144451,0.787009
Dataset\images\1774.jpg,3,-0.0338753,0.895277
Dataset\images\1776.jpg,1,0.837205,0.0241967
Dataset\images\1777.jpg,2,-0.846782,-0.219167
Dataset\images\1778.jpg,7,-0.416183,0.469415
Dataset\images\1779.jpg,2,-0.846782,-0.204224
Dataset\images\178.jpg,5,-0.324235,0.300039
Dataset\images\1780.jpg,4,-0.126984,-0.349206
Dataset\images\1782.jpg,6,-0.473202,0.811915
Dataset\images\1783.jpg,6,-0.46324,0.757123
Dataset\images\1785.jpg,5,-0.754936,0.469415
Dataset\images\1786.jpg,0,0.015873,0.0
Dataset\images\1787.jpg,4,-0.0677507,0.900116
Dataset\images\1788.jpg,2,-0.868551,-0.373779
Dataset\images\1789.jpg,2,-0.572823,-0.259016
Dataset\images\179.jpg,2,-0.891612,-0.169356
Dataset\images\1790.jpg,3,0.261905,0.912698
Dataset\images\1791.jpg,3,0.436508,0.873016
Dataset\images\1793.jpg,2,-0.619435,-0.246806
Dataset\images\1794.jpg,4,-0.0629113,0.750097
Dataset\images\1795.jpg,5,-0.742612,0.447864
Dataset\images\1796.jpg,5,-0.793651,0.436508
Dataset\images\1797.jpg,7,-0.611111,0.634921
Dataset\images\1798.jpg,4,-0.111111,0.698413
Dataset\images\1799.jpg,5,-0.572552,0.116671
Dataset\images\180.jpg,1,0.788811,0.0532327
Dataset\images\1800.jpg,6,-0.325397,0.230159
Dataset\images\1801.jpg,1,0.849206,0.0793651
Dataset\images\1802.jpg,6,-0.72166,0.463548
Dataset\images\1803.jpg,7,-0.595238,0.677191
Dataset\images\1804.jpg,7,-0.469415,0.50813
Dataset\images\1805.jpg,5,-0.873016,0.380952
Dataset\images\1806.jpg,3,0.43554,0.721061
Dataset\images\1808.jpg,0,0.00793651,0.0
Dataset\images\1809.jpg,4,-0.149432,0.866706
Dataset\images\181.jpg,4,-0.0967867,0.900116
Dataset\images\1812.jpg,1,0.558365,0.142225
Dataset\images\1813.jpg,7,-0.433839,0.513893
Dataset\images\1814.jpg,6,-0.357143,0.571429
Dataset\images\1815.jpg,7,-0.625431,0.677191
Dataset\images\1816.jpg,6,-0.555556,0.293651
Dataset\images\1817.jpg,0,0.00793651,0.00793651
Dataset\images\1818.jpg,5,-0.737463,0.484619
Dataset\images\182.jpg,1,0.849206,0.031746
Dataset\images\1822.jpg,5,-0.774293,0.474255
Dataset\images\1824.jpg,1,0.458281,0.13169
Dataset\images\1826.jpg,4,-0.100084,0.532027
Dataset\images\1827.jpg,3,-0.0421407,0.837547
Dataset\images\183.jpg,5,-0.873016,0.436508
Dataset\images\1830.jpg,7,-0.397546,0.483969
Dataset\images\1831.jpg,1,0.539683,0.111111
Dataset\images\1832.jpg,1,0.388889,0.0873016
Dataset\images\1833.jpg,4,-0.124527,0.841801
Dataset\images\1834.jpg,4,-0.104888,0.72897
Dataset\images\1838.jpg,3,0.412698,0.825397
Dataset\images\1839.jpg,3,0.0629113,0.721061
Dataset\images\184.jpg,0,0.200169,-0.200169
Dataset\images\1840.jpg,4,-0.136957,0.800674
Dataset\images\1841.jpg,4,-0.164204,0.779967
Dataset\images\1843.jpg,0,-0.0330688,0.0
Dataset\images\1844.jpg,2,-0.72166,-0.316056
Dataset\images\1845.jpg,4,-0.140341,0.716221
Dataset\images\1847.jpg,4,-0.0634921,0.595238
Dataset\images\1849.jpg,1,0.849206,-0.0634921
Dataset\images\185.jpg,1,0.505689,0.0948167
Dataset\images\1850.jpg,3,0.363618,0.597729
Dataset\images\1851.jpg,0,-0.231774,0.121155
Dataset\images\1853.jpg,5,-0.711125,0.468816
Dataset\images\1854.jpg,4,-0.188765,0.828048
Dataset\images\1856.jpg,0,-0.0532327,-0.159698
Dataset\images\1858.jpg,7,-0.401665,0.459737
Dataset\images\1859.jpg,3,0.176846,0.616805
Dataset\images\1860.jpg,6,-0.309717,0.643631
Dataset\images\1861.jpg,0,0.198413,-0.00967867
Dataset\images\1862.jpg,3,0.411343,0.875919
Dataset\images\1863.jpg,6,-0.563492,0.388889
Dataset\images\1864.jpg,7,-0.621576,0.668984
Dataset\images\1865.jpg,3,0.0774293,0.430701
Dataset\images\1867.jpg,0,-0.0483933,-0.116144
Dataset\images\1868.jpg,7,-0.544523,0.65663
Dataset\images\1871.jpg,0,-0.031746,-0.0396825
Dataset\images\1873.jpg,7,-0.631603,0.620119
Dataset\images\1874.jpg,3,0.509895,0.767004
Dataset\images\1875.jpg,0,-0.0555556,-0.0555556
Dataset\images\1878.jpg,2,-0.822998,-0.294748
Dataset\images\1879.jpg,1,0.547619,0.00793651
Dataset\images\188.jpg,2,-0.221239,-0.453013
Dataset\images\1880.jpg,6,-0.546845,0.338753
Dataset\images\1881.jpg,2,-0.719645,-0.252641
Dataset\images\1882.jpg,5,-0.722222,0.436508
Dataset\images\1884.jpg,1,0.803329,0.116144
Dataset\images\1885.jpg,2,-0.760582,-0.297619
Dataset\images\1888.jpg,1,0.690476,-0.531746
Dataset\images\1889.jpg,1,0.468254,0.0
Dataset\images\189.jpg,0,0.00431332,0.00431332
Dataset\images\1891.jpg,0,0.00793651,0.031746
Dataset\images\1893.jpg,2,-0.708161,-0.256469
Dataset\images\1894.jpg,0,-0.347661,0.115887
Dataset\images\1896.jpg,2,-0.833981,-0.516377
Dataset\images\1897.jpg,4,-0.043554,0.561363
Dataset\images\1898.jpg,1,0.547619,0.00793651
Dataset\images\19.jpg,2,-0.793651,-0.373016
Dataset\images\1900.jpg,6,-0.263112,0.577985
Dataset\images\1901.jpg,1,0.822687,0.130662
Dataset\images\1902.jpg,3,0.327812,0.569358
Dataset\images\1903.jpg,7,-0.648471,0.648471
Dataset\images\1904.jpg,0,0.121155,-0.39507
Dataset\images\1905.jpg,0,-0.179098,-0.352929
Dataset\images\1907.jpg,3,0.222222,0.587302
Dataset\images\1908.jpg,7,-0.648471,0.648471
Dataset\images\1909.jpg,0,-0.0677507,0.0532327
Dataset\images\1912.jpg,3,0.357702,0.620389
Dataset\images\1914.jpg,2,-0.634921,-0.380952
Dataset\images\1915.jpg,5,-0.746032,0.396825
Dataset\images\1916.jpg,2,-0.696864,-0.266163
Dataset\images\1917.jpg,6,-0.779604,0.484619
Dataset\images\1918.jpg,0,0.0038279,0.0038279
Dataset\images\1919.jpg,2,-0.230159,-0.309524
Dataset\images\1920.jpg,3,0.333914,0.687185
Dataset\images\1921.jpg,6,-0.166667,0.357143
Dataset\images\1922.jpg,2,-0.515873,-0.214286
Dataset\images\1923.jpg,7,-0.653182,0.663717
Dataset\images\1924.jpg,2,-0.65873,-0.198413
Dataset\images\1926.jpg,5,-0.626984,0.492063
Dataset\images\1927.jpg,6,-0.617924,0.706508
Dataset\images\1929.jpg,0,0.0172533,-0.00431332
Dataset\images\193.jpg,1,0.825531,-0.166113
Dataset\images\1930.jpg,5,-0.206349,0.547619
Dataset\images\1931.jpg,2,-0.119048,-0.349206
Dataset\images\1932.jpg,6,-0.432552,0.738784
Dataset\images\1934.jpg,6,-0.396825,0.301587
Dataset\images\1935.jpg,7,-0.503291,0.532327
Dataset\images\1936.jpg,0,-0.0038279,0.0114837
Dataset\images\1937.jpg,2,-0.662226,-0.260297
Dataset\images\1938.jpg,0,-0.00431332,-0.00431332
Dataset\images\194.jpg,3,-0.116144,0.793651
Dataset\images\1940.jpg,3,0.263403,0.560376
Dataset\images\1942.jpg,4,-0.130662,0.759775
Dataset\images\1943.jpg,4,-0.0677507,0.769454
Dataset\images\1944.jpg,3,0.271003,0.745257
Dataset\images\1947.jpg,4,-0.189281,0.83682
Dataset\images\1949.jpg,0,0.031746,0.0
Dataset\images\195.jpg,2,-0.681391,-0.180138
Dataset\images\1950.jpg,7,-0.531746,0.674603
Dataset\images\1951.jpg,5,-0.464576,0.677507
Dataset\images\1953.jpg,3,0.387147,0.861401
Dataset\images\1956.jpg,4,-0.111111,0.436508
Dataset\images\1957.jpg,5,-0.914634,0.285521
Dataset\images\1958.jpg,0,0.00793651,0.0238095
Dataset\images\1959.jpg,0,-0.314557,-0.150019
Dataset\images\196.jpg,4,-0.058072,0.861401
Dataset\images\1961.jpg,6,-0.566202,0.532327
Dataset\images\1962.jpg,7,-0.29036,0.309717
Dataset\images\1963.jpg,3,0.138277,0.326247
Dataset\images\1964.jpg,4,-0.101547,0.388903
Dataset\images\1965.jpg,2,-0.94367,-0.0919473
Dataset\images\1966.jpg,5,-0.816697,0.22686
Dataset\images\1967.jpg,3,-0.0421407,0.869153
Dataset\images\1969.jpg,5,-0.666667,0.460317
Dataset\images\1971.jpg,3,0.153116,0.845965
Dataset\images\1972.jpg,2,-0.634058,-0.185473
Dataset\images\1976.jpg,2,-0.503291,-0.251645
Dataset\images\1979.jpg,7,-0.648471,0.658149
Dataset\images\198.jpg,4,-0.0793651,0.793651
Dataset\images\1980.jpg,7,-0.430701,0.454897
Dataset\images\1981.jpg,0,-0.116144,0.0967867
Dataset\images\1982.jpg,3,0.604917,0.575881
Dataset\images\1985.jpg,4,-0.172846,0.823179
Dataset\images\1987.jpg,0,-0.0348675,0.0996214
Dataset\images\1988.jpg,7,-0.712272,0.611598
Dataset\images\1989.jpg,1,0.845411,0.271739
Dataset\images\199.jpg,6,-0.306232,0.367478
Dataset\images\1990.jpg,0,-0.047619,-0.0555556
Dataset\images\1991.jpg,4,-0.107181,0.731128
Dataset\images\1992.jpg,1,0.333333,0.0793651
Dataset\images\1993.jpg,0,0.014518,-0.00483933
Dataset\images\1994.jpg,1,0.595238,-0.0919473
Dataset\images\1997.jpg,1,0.500421,0.105352
Dataset\images\1998.jpg,3,0.416183,0.774293
Dataset\images\1999.jpg,3,0.474255,0.779133
Dataset\images\2.jpg,4,-0.0629113,0.532327
Dataset\images\200.jpg,2,-0.7259,-0.343593
Dataset\images\2000.jpg,7,-0.692025,0.396825
Dataset\images\2001.jpg,6,-0.404762,0.634921
Dataset\images\2002.jpg,5,-0.735579,0.421022
Dataset\images\2003.jpg,1,0.634921,0.0952381
Dataset\images\2004.jpg,4,-0.103175,0.801587
Dataset\images\2005.jpg,4,-0.142225,0.763801
Dataset\images\2006.jpg,1,0.46615,0.114745
Dataset\images\2007.jpg,4,-0.229129,0.876669
Dataset\images\2008.jpg,7,-0.445219,0.498451
Dataset\images\2009.jpg,7,-0.43554,0.488773
Dataset\images\2010.jpg,3,-0.15873,0.896825
Dataset\images\2011.jpg,3,-0.111305,0.817847
Dataset\images\2012.jpg,3,0.421022,0.890437
Dataset\images\2013.jpg,3,0.0201349,0.727373
Dataset\images\2014.jpg,6,-0.398101,0.708161
Dataset\images\2015.jpg,1,0.404762,-0.103175
Dataset\images\2016.jpg,5,-0.750097,0.391986
Dataset\images\2018.jpg,5,-0.888889,0.388889
Dataset\images\202.jpg,7,-0.600077,0.658149
Dataset\images\2021.jpg,1,0.587302,0.0238095
Dataset\images\2022.jpg,0,0.0,-0.0241967
Dataset\images\2023.jpg,0,-0.0560732,0.10352
Dataset\images\2024.jpg,5,-0.672878,0.383885
Dataset\images\2026.jpg,3,0.222222,0.68254
Dataset\images\2028.jpg,3,-0.101626,0.842044
Dataset\images\2029.jpg,5,-0.785714,0.420635
Dataset\images\203.jpg,3,-0.0338753,0.774293
Dataset\images\2030.jpg,5,-0.801573,0.373779
Dataset\images\2031.jpg,6,-0.488145,0.816896
Dataset\images\2032.jpg,7,-0.391986,0.450058
Dataset\images\2033.jpg,7,-0.312468,0.351203
Dataset\images\2034.jpg,6,-0.571429,0.15873
Dataset\images\2035.jpg,5,-0.579365,0.507936
Dataset\images\2036.jpg,0,-0.0489753,0.045208
Dataset\images\2038.jpg,5,-0.692025,0.604917
Dataset\images\2039.jpg,2,-0.206349,-0.31746
Dataset\images\204.jpg,4,-0.0873016,0.809524
Dataset\images\2040.jpg,5,-0.595238,0.698413
Dataset\images\2041.jpg,2,-0.7259,-0.21777
Dataset\images\2042.jpg,0,-0.273915,-0.147493
Dataset\images\2043.jpg,5,-0.821018,0.235503
Dataset\images\2045.jpg,2,-0.87108,-0.36295
Dataset\images\2046.jpg,2,-0.745257,-0.300039
Dataset\images\2047.jpg,6,-0.214286,0.34127
Dataset\images\2049.jpg,1,0.55788,0.219167
Dataset\images\205.jpg,4,-0.0626566,0.849105
Dataset\images\2050.jpg,5,-0.750097,0.396825
Dataset\images\2052.jpg,5,-0.690476,0.460317
Dataset\images\2054.jpg,0,-0.164537,-0.261324
Dataset\images\2056.jpg,3,0.420635,0.523809
Dataset\images\2058.jpg,6,-0.250173,0.500345
Dataset\images\2059.jpg,2,-0.134921,-0.611111
Dataset\images\206.jpg,5,-0.159698,0.372629
Dataset\images\2060.jpg,0,-0.0238095,0.0634921
Dataset\images\2061.jpg,1,0.742612,0.149288
Dataset\images\2062.jpg,0,-0.00498107,0.0597729
Dataset\images\2063.jpg,4,-0.058072,0.769454
Dataset\images\2064.jpg,1,0.745257,-0.222609
Dataset\images\2065.jpg,1,0.677191,0.125086
Dataset\images\2066.jpg,3,0.308826,0.542937
Dataset\images\2067.jpg,2,-0.65873,-0.301587
Dataset\images\207.jpg,6,-0.168219,0.483092
Dataset\images\2073.jpg,4,-0.0701809,0.88116
Dataset\images\2074.jpg,5,-0.865079,0.412698
Dataset\images\2076.jpg,7,-0.387147,0.391986
Dataset\images\2077.jpg,6,-0.614595,0.416183
Dataset\images\2078.jpg,3,-0.014518,0.87108
Dataset\images\208.jpg,4,-0.904956,-0.00483933
Dataset\images\2080.jpg,1,0.668564,0.0776398
Dataset\images\2082.jpg,4,-0.120983,0.803329
Dataset\images\2084.jpg,5,-0.733264,0.422705
Dataset\images\2085.jpg,2,-0.47619,-0.285714
Dataset\images\2086.jpg,3,-0.140341,0.721061
Dataset\images\2087.jpg,0,0.174216,-0.0387147
Dataset\images\2088.jpg,6,-0.269841,0.412698
Dataset\images\2089.jpg,2,-0.309717,-0.314557
Dataset\images\209.jpg,7,-0.450058,0.483933
Dataset\images\2090.jpg,6,-0.563492,0.452381
Dataset\images\2093.jpg,6,-0.484619,0.805942
Dataset\images\2094.jpg,2,-0.659938,-0.198413
Dataset\images\2095.jpg,3,0.473202,0.527994
Dataset\images\2097.jpg,2,-0.536108,-0.354778
Dataset\images\2098.jpg,2,-0.716393,-0.226507
Dataset\images\2099.jpg,3,0.241967,0.783972
Dataset\images\21.jpg,7,-0.643631,0.65331
Dataset\images\2102.jpg,6,-0.349206,0.595238
Dataset\images\2103.jpg,3,0.340507,0.758994
Dataset\images\2104.jpg,0,-0.074173,0.140929
Dataset\images\2105.jpg,0,0.0,0.0
Dataset\images\2106.jpg,2,-0.896593,-0.263997
Dataset\images\2107.jpg,5,-0.674603,0.444444
Dataset\images\2108.jpg,0,0.01294,-0.01294
Dataset\images\2109.jpg,0,-0.0555556,-0.0793651
Dataset\images\2110.jpg,4,-0.0873016,0.746032
Dataset\images\2112.jpg,0,0.0238095,0.0
Dataset\images\2113.jpg,1,0.880952,0.126984
Dataset\images\2114.jpg,7,-0.648471,0.643631
Dataset\images\2115.jpg,1,0.493612,0.0677507
Dataset\images\2116.jpg,4,-0.0925926,0.641534
Dataset\images\2117.jpg,3,0.21777,0.590399
Dataset\images\2118.jpg,5,-0.402081,0.780511
Dataset\images\2119.jpg,3,0.190476,0.706349
Dataset\images\2120.jpg,5,-0.769454,0.309717
Dataset\images\2121.jpg,1,0.659938,0.0733264
Dataset\images\2122.jpg,2,-0.0952381,-0.261905
Dataset\images\2123.jpg,5,-0.452381,0.325397
Dataset\images\2125.jpg,4,-0.106465,0.672667
Dataset\images\2126.jpg,4,-0.106465,0.7259
Dataset\images\2127.jpg,3,0.358637,0.657501
Dataset\images\2128.jpg,5,-0.742731,0.510957
Dataset\images\2129.jpg,5,-0.722222,0.452381
Dataset\images\213.jpg,4,-0.101626,0.900116
Dataset\images\2132.jpg,2,-0.643631,-0.246806
Dataset\images\2135.jpg,4,-0.214286,0.555556
Dataset\images\2136.jpg,2,-0.174603,-0.357143
Dataset\images\2137.jpg,4,-0.126984,0.865079
Dataset\images\2138.jpg,4,-0.0793651,0.777778
Dataset\images\2139.jpg,6,-0.488145,0.816896
Dataset\images\214.jpg,0,0.00793651,0.00793651
Dataset\images\2140.jpg,3,0.179911,0.800031
Dataset\images\2141.jpg,7,-0.626984,0.666667
Dataset\images\2142.jpg,3,0.101626,0.600077
Dataset\images\2143.jpg,0,0.0,-0.0193573
Dataset\images\2144.jpg,4,-0.111111,0.730159
Dataset\images\2145.jpg,4,-0.325397,0.833333
Dataset\images\2146.jpg,5,-0.607691,0.493126
Dataset\images\2147.jpg,1,0.890969,0.254203
Dataset\images\2149.jpg,6,-0.364945,0.520991
Dataset\images\215.jpg,4,-0.07259,0.619435
Dataset\images\2150.jpg,5,-0.690476,0.492063
Dataset\images\2151.jpg,5,-0.498451,0.696864
Dataset\images\2152.jpg,3,0.166667,0.674603
Dataset\images\2153.jpg,1,0.515873,0.00793651
Dataset\images\2154.jpg,3,0.238095,0.47619
Dataset\images\2155.jpg,4,-0.0967867,0.817847
Dataset\images\2157.jpg,3,0.338713,0.552899
Dataset\images\2158.jpg,6,-0.483933,0.667828
Dataset\images\2159.jpg,7,-0.674603,0.642857
Dataset\images\2160.jpg,0,0.00431332,0.00862664
Dataset\images\2161.jpg,3,0.05291,0.608466
Dataset\images\2162.jpg,5,-0.795372,0.485487
Dataset\images\2164.jpg,1,0.793651,-0.0890076
Dataset\images\2165.jpg,5,-0.738784,0.474659
Dataset\images\2166.jpg,4,-0.266787,0.719823
Dataset\images\2167.jpg,1,0.505689,0.105352
Dataset\images\2169.jpg,0,0.0,0.0
Dataset\images\2170.jpg,0,0.1294,0.202726
Dataset\images\2171.jpg,2,-0.928571,-0.0952381
Dataset\images\2172.jpg,7,-0.624274,0.658149
Dataset\images\2174.jpg,7,-0.648471,0.643631
Dataset\images\2175.jpg,6,-0.380952,0.896825
Dataset\images\2176.jpg,5,-0.813008,0.483933
Dataset\images\2177.jpg,1,0.750097,0.595238
Dataset\images\2178.jpg,4,-0.0822687,0.779133
Dataset\images\2179.jpg,7,-0.65873,0.642857
Dataset\images\218.jpg,1,0.711989,0.1646
Dataset\images\2180.jpg,4,-0.136116,0.553107
Dataset\images\2183.jpg,6,-0.26017,0.528225
Dataset\images\2184.jpg,3,0.0819531,0.271739
Dataset\images\2185.jpg,2,-0.198413,-0.301587
Dataset\images\2186.jpg,5,-0.782128,0.397546
Dataset\images\2187.jpg,0,-0.389802,-0.189633
Dataset\images\2189.jpg,3,-0.111111,0.896825
Dataset\images\219.jpg,2,-0.649351,-0.377529
Dataset\images\2190.jpg,5,-0.764615,0.440379
Dataset\images\2192.jpg,7,-0.492489,0.584609
Dataset\images\2193.jpg,4,-0.0981577,0.72234
Dataset\images\2194.jpg,7,-0.65331,0.648471
Dataset\images\2195.jpg,7,-0.638792,0.633953
Dataset\images\2196.jpg,3,0.111111,0.666667
Dataset\images\220.jpg,2,-0.796971,-0.254035
Dataset\images\2201.jpg,0,0.0,-0.0172533
Dataset\images\2202.jpg,6,-0.285714,0.404762
Dataset\images\2203.jpg,0,-0.0532327,0.0629113
Dataset\images\2204.jpg,0,0.0,0.0
Dataset\images\2206.jpg,2,-0.769407,-0.0650743
Dataset\images\2207.jpg,3,0.176083,0.777063
Dataset\images\2208.jpg,1,0.84127,0.0714286
Dataset\images\2209.jpg,1,0.805781,-0.163755
Dataset\images\221.jpg,3,0.221484,0.500856
Dataset\images\2210.jpg,7,-0.698413,0.650794
Dataset\images\2211.jpg,5,-0.750097,0.488773
Dataset\images\2214.jpg,6,-0.885598,0.193573
Dataset\images\2215.jpg,5,-0.753968,0.460317
Dataset\images\2218.jpg,3,0.134921,0.81746
Dataset\images\2219.jpg,2,-0.809524,-0.365079
Dataset\images\2223.jpg,7,-0.658149,0.643631
Dataset\images\2224.jpg,0,0.0,-0.00793651
Dataset\images\2228.jpg,6,-0.15528,0.392512
Dataset\images\2229.jpg,7,-0.603865,0.659938
Dataset\images\223.jpg,2,-0.0714286,-0.642857
Dataset\images\2230.jpg,1,0.698413,0.111111
Dataset\images\2231.jpg,5,-0.730739,0.43554
Dataset\images\2233.jpg,4,-0.134489,0.851763
Dataset\images\2235.jpg,4,-0.239091,0.906555
Dataset\images\2236.jpg,3,-0.230159,0.880952
Dataset\images\2237.jpg,1,0.731128,0.202879
Dataset\images\2238.jpg,7,-0.643631,0.643631
Dataset\images\2241.jpg,1,0.906026,-0.115887
Dataset\images\2242.jpg,1,0.571429,0.0873016
Dataset\images\2243.jpg,0,0.129508,0.0747161
Dataset\images\2244.jpg,5,-0.740418,0.430701
Dataset\images\2245.jpg,6,-0.463176,0.777063
Dataset\images\2246.jpg,6,-0.0929047,0.120992
Dataset\images\2248.jpg,0,-0.324235,-0.193573
Dataset\images\2249.jpg,7,-0.658149,0.667828
Dataset\images\225.jpg,2,-0.801587,-0.460317
Dataset\images\2251.jpg,5,-0.880952,0.412698
Dataset\images\2254.jpg,4,-0.058072,0.909795
Dataset\images\2255.jpg,1,0.444444,0.119048
Dataset\images\2256.jpg,7,-0.667828,0.667828
Dataset\images\2258.jpg,0,0.00793651,0.0
Dataset\images\2259.jpg,3,0.107833,0.565045
Dataset\images\226.jpg,3,0.0992063,0.405452
Dataset\images\2260.jpg,6,-0.561363,0.745257
Dataset\images\2261.jpg,7,-0.29036,0.309717
Dataset\images\2262.jpg,4,-0.189281,0.816896
Dataset\images\2263.jpg,4,-0.129634,0.799412
Dataset\images\2264.jpg,7,-0.662989,0.658149
Dataset\images\2265.jpg,2,-0.401139,-0.120773
Dataset\images\2266.jpg,7,-0.563777,0.60153
Dataset\images\2267.jpg,7,-0.459737,0.493612
Dataset\images\2269.jpg,2,-0.551684,-0.372629
Dataset\images\227.jpg,4,-0.126984,0.849206
Dataset\images\2270.jpg,3,-0.101626,0.643631
Dataset\images\2271.jpg,1,0.779133,0.0483933
Dataset\images\2272.jpg,2,-0.857143,-0.365079
Dataset\images\2274.jpg,7,-0.65331,0.65331
Dataset\images\2275.jpg,4,-0.159394,0.816896
Dataset\images\2276.jpg,2,-0.961738,-0.062383
Dataset\images\2277.jpg,0,-0.410872,0.173831
Dataset\images\2278.jpg,7,-0.387147,0.527487
Dataset\images\2279.jpg,4,-0.0671418,0.952897
Dataset\images\228.jpg,2,-0.754936,-0.338753
Dataset\images\2280.jpg,1,0.460317,0.047619
Dataset\images\2281.jpg,7,-0.603865,0.677191
Dataset\images\2282.jpg,1,0.785714,-0.103175
Dataset\images\2284.jpg,4,-0.214286,0.849206
Dataset\images\2285.jpg,1,0.512969,0.0822687
Dataset\images\2286.jpg,6,-0.619048,0.325397
Dataset\images\2287.jpg,3,0.107833,0.521912
Dataset\images\2288.jpg,0,0.00793651,0.031746
Dataset\images\2289.jpg,5,-0.300039,0.566202
Dataset\images\2290.jpg,3,0.382307,0.759775
Dataset\images\2291.jpg,7,-0.406504,0.464576
Dataset\images\2293.jpg,0,-0.13169,-0.352929
Dataset\images\2296.jpg,7,-0.662989,0.65331
Dataset\images\2298.jpg,3,0.14908,0.63953
Dataset\images\2299.jpg,2,-0.684787,-0.215971
Dataset\images\23.jpg,4,-0.159698,0.938831
Dataset\images\230.jpg,6,-0.54783,0.742731
Dataset\images\2300.jpg,1,0.669882,0.0114837
Dataset\images\2301.jpg,3,-0.119048,0.865079
Dataset\images\2305.jpg,6,-0.634921,0.365079
Dataset\images\2306.jpg,1,0.841097,0.11646
Dataset\images\2307.jpg,5,-0.43554,0.716221
Dataset\images\2308.jpg,6,-0.402698,0.694654
Dataset\images\231.jpg,6,-0.478183,0.811915
Dataset\images\2310.jpg,6,-0.241546,0.526225
Dataset\images\2311.jpg,1,0.258459,-0.0861529
Dataset\images\2312.jpg,7,-0.650794,0.65873
Dataset\images\2314.jpg,0,0.0842815,-0.347661
Dataset\images\2316.jpg,2,-0.759775,-0.36295
Dataset\images\2317.jpg,3,0.190476,0.809524
Dataset\images\232.jpg,2,-0.174603,-0.34127
Dataset\images\2320.jpg,7,-0.396825,0.440379
Dataset\images\2321.jpg,5,-0.732195,0.468816
Dataset\images\2322.jpg,1,0.532975,0.239091
Dataset\images\2324.jpg,5,-0.873016,0.428571
Dataset\images\2325.jpg,5,-0.772084,0.457212
Dataset\images\2326.jpg,0,0.00862664,-0.0258799
Dataset\images\2328.jpg,0,0.0498107,-0.0896593
Dataset\images\233.jpg,3,-0.0677507,0.832365
Dataset\images\2330.jpg,2,-0.111111,-0.357143
Dataset\images\2331.jpg,2,-0.831839,-0.268978
Dataset\images\2332.jpg,3,0.043554,0.79849
Dataset\images\2333.jpg,3,0.238095,0.936508
Dataset\images\2334.jpg,6,-0.325397,0.674603
Dataset\images\2335.jpg,6,-0.611111,0.404762
Dataset\images\2336.jpg,6,-0.134921,0.333333
Dataset\images\2338.jpg,6,-0.624274,0.411343
Dataset\images\2339.jpg,6,-0.324235,0.890437
Dataset\images\2341.jpg,5,-0.592748,0.483164
Dataset\images\2342.jpg,6,-0.67952,0.421407
Dataset\images\2343.jpg,0,0.0,-0.00661376
Dataset\images\2345.jpg,0,-0.394435,0.164945
Dataset\images\2346.jpg,1,0.833333,0.10582
Dataset\images\2348.jpg,7,-0.626984,0.666667
Dataset\images\2352.jpg,3,0.174603,0.873016
Dataset\images\2353.jpg,0,0.0483933,-0.304878
Dataset\images\2354.jpg,7,-0.119048,0.587302
Dataset\images\2356.jpg,4,-0.10582,0.806878
Dataset\images\2357.jpg,3,0.185473,0.621118
Dataset\images\2358.jpg,6,-0.424897,0.627775
Dataset\images\2359.jpg,6,-0.295199,0.479094
Dataset\images\236.jpg,2,-0.674603,-0.0238095
Dataset\images\2360.jpg,6,-0.571429,0.269841
Dataset\images\2361.jpg,0,-0.014518,0.00967867
Dataset\images\2364.jpg,2,-0.763801,-0.226507
Dataset\images\2365.jpg,4,-0.0387147,0.740418
Dataset\images\2366.jpg,4,-0.190476,0.68254
Dataset\images\2367.jpg,6,-0.353656,0.69735
Dataset\images\2368.jpg,2,-0.658149,-0.208091
Dataset\images\2369.jpg,5,-0.740418,0.406504
Dataset\images\237.jpg,7,-0.614595,0.662989
Dataset\images\2370.jpg,1,0.742475,-0.125843
Dataset\images\2371.jpg,5,-0.825397,0.452381
Dataset\images\2372.jpg,1,0.563492,-0.00793651
Dataset\images\2374.jpg,0,0.0967867,-0.222609
Dataset\images\2375.jpg,2,-0.9809,-0.118832
Dataset\images\2377.jpg,4,-0.0387147,0.904956
Dataset\images\2378.jpg,3,0.146653,0.694444
Dataset\images\2379.jpg,0,0.015873,0.0
Dataset\images\238.jpg,5,-0.716221,0.314557
Dataset\images\2380.jpg,4,-0.198413,0.873016
Dataset\images\2382.jpg,6,-0.442478,0.289718
Dataset\images\2385.jpg,3,0.337487,0.763982
Dataset\images\2386.jpg,6,-0.392631,0.677036
Dataset\images\2388.jpg,3,0.343593,0.79849
Dataset\images\2389.jpg,6,-0.458259,0.811915
Dataset\images\2390.jpg,2,-0.857143,-0.380952
Dataset\images\2392.jpg,7,0.253968,0.404762
Dataset\images\2393.jpg,3,-0.169377,0.7259
Dataset\images\2394.jpg,2,-0.682346,-0.348432
Dataset\images\2395.jpg,5,-0.754936,0.464576
Dataset\images\2398.jpg,0,0.0919473,-0.36295
Dataset\images\24.jpg,2,-0.571429,-0.222222
Dataset\images\2400.jpg,4,-0.119048,0.968254
Dataset\images\2402.jpg,6,-0.593384,0.515502
Dataset\images\2403.jpg,1,0.774293,0.087108
Dataset\images\2405.jpg,3,-0.0948167,0.863885
Dataset\images\2408.jpg,6,-0.449399,0.881514
Dataset\images\2410.jpg,3,-0.0948167,0.842815
Dataset\images\2411.jpg,5,-0.774336,0.489886
Dataset\images\2415.jpg,7,0.166667,0.396825
Dataset\images\2417.jpg,2,-0.696864,-0.314557
Dataset\images\2418.jpg,3,0.246032,0.825397
Dataset\images\242.jpg,6,-0.150966,0.439959
Dataset\images\2420.jpg,2,-0.584703,-0.237042
Dataset\images\2421.jpg,6,-0.747998,0.426675
Dataset\images\2422.jpg,1,0.468254,0.246032
Dataset\images\2423.jpg,5,-0.764615,0.372629
Dataset\images\2424.jpg,4,-0.246032,0.849206
Dataset\images\2425.jpg,4,-0.184366,0.737463
Dataset\images\2426.jpg,4,-0.103175,0.436508
Dataset\images\2427.jpg,0,0.154413,0.0846782
Dataset\images\2428.jpg,1,0.900116,0.0241967
Dataset\images\2429.jpg,6,-0.327812,0.659938
Dataset\images\243.jpg,6,-0.246032,0.428571
Dataset\images\2430.jpg,7,-0.226518,0.291956
Dataset\images\2431.jpg,2,-0.269841,-0.531746
Dataset\images\2433.jpg,0,0.00765579,-0.0038279
Dataset\images\2434.jpg,0,0.015873,0.00793651
Dataset\images\2435.jpg,6,-0.357143,0.634921
Dataset\images\2436.jpg,2,-0.677191,-0.245859
Dataset\images\2438.jpg,6,-0.280366,0.595238
Dataset\images\2439.jpg,4,-0.22713,0.657895
Dataset\images\244.jpg,2,-0.777189,-0.244334
Dataset\images\2442.jpg,6,-0.532581,0.783208
Dataset\images\2443.jpg,2,-0.851763,-0.1843
Dataset\images\2444.jpg,5,-0.319396,0.561363
Dataset\images\2445.jpg,2,-0.837547,-0.310788
Dataset\images\2447.jpg,4,-0.103175,0.738095
Dataset\images\2448.jpg,3,0.1294,0.629745
Dataset\images\2449.jpg,3,0.464576,0.779133
Dataset\images\2450.jpg,2,-0.769841,-0.325397
Dataset\images\2451.jpg,6,-0.34127,0.396825
Dataset\images\2452.jpg,0,0.0,0.00793651
Dataset\images\2454.jpg,7,-0.377468,0.43554
Dataset\images\2455.jpg,1,0.912698,0.246032
Dataset\images\2456.jpg,4,-0.0238095,0.777778
Dataset\images\2457.jpg,1,0.900116,-0.116144
Dataset\images\2458.jpg,1,0.780423,0.0992063
Dataset\images\2459.jpg,1,0.841097,0.228606
Dataset\images\246.jpg,5,-0.531746,0.206349
Dataset\images\2460.jpg,3,0.0952381,0.547619
Dataset\images\2461.jpg,5,-0.880952,0.444444
Dataset\images\2462.jpg,7,-0.454897,0.50813
Dataset\images\2463.jpg,7,-0.647914,0.647914
Dataset\images\2464.jpg,5,-0.857143,0.468254
Dataset\images\2466.jpg,3,0.421022,0.667828
Dataset\images\2467.jpg,4,-0.159394,0.876669
Dataset\images\2469.jpg,2,-0.168563,-0.39507
Dataset\images\2470.jpg,7,-0.647914,0.653182
Dataset\images\2472.jpg,3,0.107833,0.448585
Dataset\images\2473.jpg,1,0.880952,0.134921
Dataset\images\2474.jpg,2,-0.841801,-0.159394
Dataset\images\2475.jpg,7,0.253968,0.420635
Dataset\images\2476.jpg,1,0.492063,0.0793651
Dataset\images\2477.jpg,2,-0.68254,-0.309524
Dataset\images\2478.jpg,0,-0.37292,-0.236661
Dataset\images\2479.jpg,2,-0.181951,-0.395093
Dataset\images\248.jpg,0,0.440379,-0.120983
Dataset\images\2480.jpg,4,-0.166667,0.746032
Dataset\images\2481.jpg,7,-0.648471,0.65331
Dataset\images\2482.jpg,0,-0.0555556,-0.0238095
Dataset\images\2483.jpg,7,-0.558848,0.675816
Dataset\images\2484.jpg,1,0.779133,0.101626
Dataset\images\2485.jpg,5,-0.422705,0.219979
Dataset\images\2486.jpg,2,-0.388889,-0.222222
Dataset\images\2487.jpg,1,0.759219,-0.16269
Dataset\images\2488.jpg,5,-0.734956,0.440208
Dataset\images\249.jpg,1,0.849206,0.0714286
Dataset\images\2490.jpg,0,0.00793651,-0.00793651
Dataset\images\2491.jpg,5,-0.717901,0.431257
Dataset\images\2492.jpg,1,0.81746,-0.142857
Dataset\images\2493.jpg,4,-0.158028,0.769069
Dataset\images\2494.jpg,4,-0.087108,0.759775
Dataset\images\2495.jpg,6,-0.460317,0.642857
Dataset\images\2496.jpg,4,-0.058072,0.929152
Dataset\images\2497.jpg,7,-0.447078,0.491266
Dataset\images\2498.jpg,0,-0.410872,0.105352
Dataset\images\2499.jpg,6,-0.563632,0.742731
Dataset\images\25.jpg,4,-0.238095,0.753968
Dataset\images\250.jpg,7,-0.425861,0.479094
Dataset\images\2501.jpg,5,-0.81746,0.380952
Dataset\images\2502.jpg,7,-0.329075,0.324235
Dataset\images\2503.jpg,5,-0.498451,0.251645
Dataset\images\2505.jpg,3,0.396825,0.730739
Dataset\images\2506.jpg,3,0.120773,0.465838
Dataset\images\2507.jpg,1,0.50813,-0.120983
Dataset\images\2509.jpg,6,-0.301587,0.47619
Dataset\images\2511.jpg,4,-0.0483933,0.895277
Dataset\images\2512.jpg,4,-0.119048,0.785714
Dataset\images\2514.jpg,7,-0.454897,0.493612
Dataset\images\2516.jpg,6,-0.396825,0.650794
Dataset\images\2517.jpg,7,-0.579365,0.65873
Dataset\images\2519.jpg,5,-0.759775,0.430701
Dataset\images\2520.jpg,0,0.363464,-0.289718
Dataset\images\2521.jpg,1,0.389802,-0.231774
Dataset\images\2523.jpg,3,0.190476,0.793651
Dataset\images\2524.jpg,5,-0.743725,0.402851
Dataset\images\2525.jpg,2,-0.888889,-0.34127
Dataset\images\2526.jpg,4,-0.14518,0.682346
Dataset\images\2527.jpg,2,-0.590399,-0.222609
Dataset\images\2528.jpg,5,-0.79849,0.416183
Dataset\images\253.jpg,7,-0.643631,0.643631
Dataset\images\2531.jpg,5,-0.721061,0.450058
Dataset\images\2532.jpg,7,-0.648471,0.65331
Dataset\images\2533.jpg,6,-0.484127,0.246032
Dataset\images\2534.jpg,1,0.84127,0.0634921
Dataset\images\2536.jpg,2,-0.94851,-0.101626
Dataset\images\2537.jpg,6,-0.365079,0.325397
Dataset\images\2539.jpg,3,0.150794,0.571429
Dataset\images\2540.jpg,6,-0.507936,0.388889
Dataset\images\2541.jpg,4,-0.142857,0.825397
Dataset\images\2542.jpg,1,0.877193,0.157722
Dataset\images\2543.jpg,1,0.603175,0.269841
Dataset\images\2544.jpg,3,-0.0338753,0.604917
Dataset\images\2545.jpg,5,-0.562861,0.488145
Dataset\images\2546.jpg,7,-0.662226,0.662226
Dataset\images\2547.jpg,3,0.0438212,0.511247
Dataset\images\2549.jpg,6,-0.348432,0.590399
Dataset\images\2552.jpg,5,-0.888889,0.420635
Dataset\images\2553.jpg,7,-0.319396,0.333914
Dataset\images\2555.jpg,6,-0.726928,0.43721
Dataset\images\2556.jpg,3,0.333914,0.764615
Dataset\images\2558.jpg,3,-0.00483933,0.585559
Dataset\images\2559.jpg,4,-0.0822687,0.79849
Dataset\images\256.jpg,1,0.895728,0.287092
Dataset\images\2560.jpg,6,-0.295999,0.6028
Dataset\images\2561.jpg,2,-0.555556,-0.269841
Dataset\images\2564.jpg,1,0.531746,-0.0793651
Dataset\images\2568.jpg,0,-0.00793651,-0.0238095
Dataset\images\2569.jpg,5,-0.888889,0.396825
Dataset\images\257.jpg,3,0.14546,0.811514
Dataset\images\2570.jpg,6,-0.406504,0.716221
Dataset\images\2572.jpg,3,0.278897,0.653342
Dataset\images\2574.jpg,4,-0.05291,0.615079
Dataset\images\2575.jpg,3,0.285714,0.484127
Dataset\images\2576.jpg,0,0.0338753,0.0677507
Dataset\images\2578.jpg,4,-0.126984,0.761905
Dataset\images\2579.jpg,3,0.326247,0.825339
Dataset\images\258.jpg,3,0.0919473,0.440379
Dataset\images\2580.jpg,1,0.782028,0.358637
Dataset\images\2581.jpg,2,-0.547619,0.539683
Dataset\images\2582.jpg,4,-0.0793651,-0.325397
Dataset\images\2584.jpg,1,0.444444,0.15873
Dataset\images\2585.jpg,6,-0.792375,-0.321543
Dataset\images\2587.jpg,7,-0.333127,0.562958
Dataset\images\2589.jpg,1,0.365079,-0.0555556
Dataset\images\259.jpg,7,-0.626984,0.642857
Dataset\images\2590.jpg,5,-0.730159,0.452381
Dataset\images\2591.jpg,6,-0.310559,0.685818
Dataset\images\2592.jpg,6,-0.747998,0.447745
Dataset\images\2593.jpg,6,-0.417241,0.719645
Dataset\images\2594.jpg,7,-0.65873,0.595238
Dataset\images\2595.jpg,0,-0.147493,-0.405605
Dataset\images\2596.jpg,3,-0.450058,0.667828
Dataset\images\2597.jpg,4,-0.154859,0.94367
Dataset\images\2598.jpg,1,0.701139,-0.452819
Dataset\images\2599.jpg,3,0.0226518,0.968992
Dataset\images\26.jpg,2,-0.565045,-0.176846
Dataset\images\2600.jpg,6,-0.343694,0.617653
Dataset\images\2601.jpg,1,0.667828,0.0532327
Dataset\images\2602.jpg,5,-0.888889,0.412698
Dataset\images\2603.jpg,0,0.00793651,0.00793651
Dataset\images\2604.jpg,3,0.319396,0.662989
Dataset\images\2605.jpg,6,-0.742731,0.389802
Dataset\images\2606.jpg,2,-0.774293,-0.348432
Dataset\images\2608.jpg,6,-0.416183,0.788811
Dataset\images\2609.jpg,2,-0.619771,-0.35895
Dataset\images\2610.jpg,6,-0.37961,0.578453
Dataset\images\2611.jpg,3,0.133713,0.659938
Dataset\images\2612.jpg,6,-0.261324,0.604917
Dataset\images\2613.jpg,2,-0.753266,-0.294985
Dataset\images\2614.jpg,7,-0.650794,0.531746
Dataset\images\2615.jpg,1,0.865079,0.412698
Dataset\images\2617.jpg,6,-0.398101,0.631603
Dataset\images\2618.jpg,6,-0.747998,0.484619
Dataset\images\2619.jpg,7,-0.532975,0.677426
Dataset\images\2620.jpg,6,-0.155561,0.231181
Dataset\images\2621.jpg,7,-0.539683,0.674603
Dataset\images\2622.jpg,1,0.813008,0.0774293
Dataset\images\2623.jpg,5,-0.904762,0.404762
Dataset\images\2624.jpg,6,-0.484127,0.761905
Dataset\images\2626.jpg,7,-0.506862,0.618632
Dataset\images\2628.jpg,0,-0.00483933,-0.00967867
Dataset\images\2629.jpg,7,0.469415,0.358111
Dataset\images\2631.jpg,6,-0.436508,0.849206
Dataset\images\2632.jpg,7,-0.642857,0.626984
Dataset\images\2633.jpg,2,-0.103175,-0.587302
Dataset\images\2634.jpg,7,-0.07259,0.590399
Dataset\images\2635.jpg,5,-0.737578,0.409765
Dataset\images\2636.jpg,7,-0.280681,0.348432
Dataset\images\2637.jpg,3,0.285521,0.769454
Dataset\images\2638.jpg,0,0.0895491,-0.352929
Dataset\images\2639.jpg,6,-0.323499,0.629745
Dataset\images\264.jpg,2,-0.603175,-0.00793651
Dataset\images\2640.jpg,3,0.309717,0.735579
Dataset\images\2642.jpg,7,-0.551684,0.672667
Dataset\images\2644.jpg,5,-0.716011,0.418392
Dataset\images\2645.jpg,7,-0.256485,0.319396
Dataset\images\2646.jpg,2,-0.357143,-0.134921
Dataset\images\2648.jpg,0,-0.363464,0.226507
Dataset\images\265.jpg,4,-0.119048,0.793651
Dataset\images\2650.jpg,7,-0.638792,0.624274
Dataset\images\2651.jpg,3,0.421312,0.816697
Dataset\images\2652.jpg,7,-0.600077,0.614595
Dataset\images\2655.jpg,5,-0.888889,0.444444
Dataset\images\2657.jpg,3,-0.0387147,0.275842
Dataset\images\2658.jpg,0,0.0532327,0.058072
Dataset\images\2660.jpg,0,-0.41614,0.189633
Dataset\images\2663.jpg,2,-0.809524,-0.380952
Dataset\images\2664.jpg,7,-0.261324,0.309717
Dataset\images\2665.jpg,0,0.0,-0.015873
Dataset\images\2666.jpg,3,-0.125823,0.764615
Dataset\images\2667.jpg,5,-0.805894,0.369458
Dataset\images\2668.jpg,7,0.142857,0.333333
Dataset\images\2669.jpg,0,-0.106465,0.150019
Dataset\images\2670.jpg,6,-0.483164,0.806934
Dataset\images\2671.jpg,4,-0.115887,0.753266
Dataset\images\2672.jpg,7,-0.329075,0.391986
Dataset\images\2673.jpg,4,-0.043554,0.919473
Dataset\images\2674.jpg,3,0.211353,0.733264
Dataset\images\2677.jpg,5,-0.750097,0.469415
Dataset\images\2679.jpg,6,-0.324235,0.609756
Dataset\images\2681.jpg,1,0.401665,0.043554
Dataset\images\2684.jpg,1,0.759775,-0.150019
Dataset\images\2685.jpg,4,-0.101626,0.846883
Dataset\images\2686.jpg,0,-0.0714286,0.0793651
Dataset\images\2688.jpg,2,-0.142857,-0.380952
Dataset\images\2689.jpg,0,-0.015124,-0.0172846
Dataset\images\269.jpg,3,-0.00370865,0.415369
Dataset\images\2690.jpg,1,0.866241,-0.0338753
Dataset\images\2691.jpg,4,-0.119048,0.793651
Dataset\images\2692.jpg,2,-0.833333,-0.357143
Dataset\images\2693.jpg,7,-0.58744,0.644625
Dataset\images\2694.jpg,3,0.346524,0.581265
Dataset\images\2696.jpg,7,-0.648471,0.638792
Dataset\images\2699.jpg,1,0.659782,0.229489
Dataset\images\27.jpg,2,-0.854767,-0.234996
Dataset\images\270.jpg,6,-0.473202,0.806934
Dataset\images\2700.jpg,5,-0.920635,0.34127
Dataset\images\2702.jpg,7,-0.642857,0.642857
Dataset\images\2704.jpg,0,0.00862664,-0.00431332
Dataset\images\2705.jpg,7,-0.626984,0.619048
Dataset\images\2706.jpg,4,-0.0967867,0.837205
Dataset\images\2707.jpg,6,-0.174603,0.412698
Dataset\images\2708.jpg,4,-0.237127,0.832365
Dataset\images\2709.jpg,2,-0.954974,-0.254948
Dataset\images\2710.jpg,5,-0.626984,0.5
Dataset\images\2711.jpg,3,0.191282,0.649351
Dataset\images\2712.jpg,3,0.194901,0.516224
Dataset\images\2713.jpg,1,0.703071,0.0992063
Dataset\images\2714.jpg,1,0.711698,0.0819531
Dataset\images\2716.jpg,2,-0.146919,-0.0734595
Dataset\images\2717.jpg,3,0.300039,0.672667
Dataset\images\2718.jpg,2,-0.701703,-0.367789
Dataset\images\2719.jpg,0,0.015873,0.00793651
Dataset\images\272.jpg,3,0.015873,0.5
Dataset\images\2720.jpg,3,0.150019,0.556523
Dataset\images\2721.jpg,1,0.936508,0.111111
Dataset\images\2722.jpg,5,-0.722222,0.420635
Dataset\images\2723.jpg,3,0.0376733,0.960669
Dataset\images\2724.jpg,2,-0.774293,-0.295199
Dataset\images\2725.jpg,5,-0.732195,0.468816
Dataset\images\2726.jpg,4,-0.119048,0.825397
Dataset\images\2727.jpg,5,-0.714286,0.404762
Dataset\images\2728.jpg,5,-0.634921,0.47619
Dataset\images\2729.jpg,0,0.26338,-0.310788
Dataset\images\273.jpg,6,-0.293852,-0.120555
Dataset\images\2731.jpg,6,-0.416991,0.624406
Dataset\images\2732.jpg,1,0.468816,0.110619
Dataset\images\2734.jpg,2,-0.677507,-0.391986
Dataset\images\2736.jpg,5,-0.753968,0.436508
Dataset\images\2737.jpg,6,-0.571429,0.277778
Dataset\images\2738.jpg,0,0.0,-0.0172533
Dataset\images\2739.jpg,5,-0.761905,0.428571
Dataset\images\2740.jpg,4,-0.109584,0.552899
Dataset\images\2741.jpg,4,-0.058072,0.716221
Dataset\images\2743.jpg,5,-0.730274,0.304641
Dataset\images\2745.jpg,3,0.125086,0.517598
Dataset\images\2746.jpg,1,0.631603,0.0574185
Dataset\images\2747.jpg,2,-0.883675,-0.326247
Dataset\images\2748.jpg,4,-0.0793651,0.746032
Dataset\images\2750.jpg,6,-0.488145,0.821877
Dataset\images\2751.jpg,5,-0.738095,0.460317
Dataset\images\2752.jpg,0,0.114565,0.0647539
Dataset\images\2753.jpg,4,-0.15873,0.746032
Dataset\images\2754.jpg,1,0.410872,0.105352
Dataset\images\2756.jpg,1,0.5,0.0238095
Dataset\images\2757.jpg,1,0.968254,0.166667
Dataset\images\2758.jpg,0,-0.0114837,-0.00765579
Dataset\images\2759.jpg,6,-0.753266,0.479351
Dataset\images\276.jpg,0,-0.00793651,0.015873
Dataset\images\2761.jpg,1,0.803329,0.0338753
Dataset\images\2762.jpg,6,-0.72166,0.447745
Dataset\images\2763.jpg,2,-0.987224,-0.135501
Dataset\images\2765.jpg,7,-0.65873,0.571429
Dataset\images\2766.jpg,1,0.87963,0.0198413
Dataset\images\2767.jpg,2,-0.904762,-0.325397
Dataset\images\2768.jpg,6,-0.444036,0.734956
Dataset\images\277.jpg,3,0.363618,0.577804
Dataset\images\2770.jpg,5,-0.896825,0.396825
Dataset\images\2771.jpg,0,-0.0793651,-0.0714286
Dataset\images\2773.jpg,5,-0.691412,0.454876
Dataset\images\2774.jpg,2,-0.849105,-0.477487
Dataset\images\2775.jpg,0,-0.421407,0.121155
Dataset\images\2776.jpg,7,-0.416183,0.633953
Dataset\images\2777.jpg,6,-0.365079,0.666667
Dataset\images\2778.jpg,1,0.960317,0.111111
Dataset\images\278.jpg,6,-0.453278,0.816896
Dataset\images\2780.jpg,1,0.547619,-0.00793651
Dataset\images\2784.jpg,3,-0.0387147,0.846883
Dataset\images\2785.jpg,6,-0.365079,0.698413
Dataset\images\2786.jpg,7,-0.459737,0.493612
Dataset\images\2787.jpg,1,0.463548,0.136957
Dataset\images\2788.jpg,2,-0.714286,-0.34127
Dataset\images\2790.jpg,4,-0.103353,0.685194
Dataset\images\2791.jpg,4,-0.0193573,0.958188
Dataset\images\2792.jpg,6,-0.459348,0.711989
Dataset\images\2793.jpg,4,-0.181724,0.934579
Dataset\images\2794.jpg,2,-0.865079,-0.357143
Dataset\images\2795.jpg,5,-0.532327,0.677507
Dataset\images\2797.jpg,6,-0.412698,0.650794
Dataset\images\2798.jpg,4,-0.173831,0.753266
Dataset\images\280.jpg,0,-0.304878,-0.14518
Dataset\images\2800.jpg,5,-0.904762,0.373016
Dataset\images\2802.jpg,5,-0.719645,0.467003
Dataset\images\2804.jpg,7,-0.722222,0.650794
Dataset\images\2805.jpg,1,0.922523,0.229674
Dataset\images\2807.jpg,4,-0.0952381,0.5
Dataset\images\2808.jpg,1,0.861401,0.135501
Dataset\images\281.jpg,6,-0.788811,0.338753
Dataset\images\2810.jpg,4,-0.119048,0.849206
Dataset\images\2811.jpg,2,-0.896825,-0.222222
Dataset\images\2813.jpg,1,0.919473,0.101626
Dataset\images\2814.jpg,5,-0.642685,0.409765
Dataset\images\2815.jpg,2,-0.134921,-0.293651
Dataset\images\2817.jpg,5,-0.753968,0.47619
Dataset\images\2818.jpg,0,-0.424673,-0.201894
Dataset\images\2819.jpg,2,-0.937689,-0.254948
Dataset\images\282.jpg,4,-0.119546,0.762104
Dataset\images\2820.jpg,5,-0.904762,0.396825
Dataset\images\2823.jpg,6,-0.094893,0.284679
Dataset\images\2824.jpg,7,-0.440379,0.498451
Dataset\images\2825.jpg,6,-0.474083,0.205436
Dataset\images\2827.jpg,2,-0.84127,-0.365079
Dataset\images\2828.jpg,7,-0.585559,0.682346
Dataset\images\283.jpg,7,-0.648471,0.662989
Dataset\images\2830.jpg,6,-0.401665,0.793651
Dataset\images\2833.jpg,4,-0.142857,0.738095
Dataset\images\2834.jpg,0,0.031746,-0.015873
Dataset\images\2835.jpg,4,-0.0952381,0.793651
Dataset\images\2836.jpg,2,-0.404762,-0.166667
Dataset\images\2838.jpg,1,0.595238,0.238095
Dataset\images\2839.jpg,2,-0.619048,-0.277778
Dataset\images\2840.jpg,2,-0.811915,-0.204224
Dataset\images\2841.jpg,7,-0.518031,0.672445
Dataset\images\2842.jpg,0,0.0996214,-0.0249054
Dataset\images\2843.jpg,1,0.445219,0.0822687
Dataset\images\2845.jpg,0,0.015873,0.015873
Dataset\images\2846.jpg,5,-0.759775,0.406504
Dataset\images\2848.jpg,3,0.398551,0.838509
Dataset\images\2849.jpg,7,-0.633953,0.633953
Dataset\images\2850.jpg,0,-0.125823,0.0967867
Dataset\images\2851.jpg,2,-0.800674,-0.30552
Dataset\images\2852.jpg,4,-0.199243,0.801953
Dataset\images\2853.jpg,3,0.246032,0.865079
Dataset\images\2854.jpg,5,-0.723473,0.463176
Dataset\images\2858.jpg,1,0.647914,-0.105352
Dataset\images\2859.jpg,4,-0.164474,0.642231
Dataset\images\286.jpg,5,-0.865079,0.412698
Dataset\images\2860.jpg,4,-0.159698,0.754936
Dataset\images\2861.jpg,6,-0.488145,0.816896
Dataset\images\2862.jpg,0,0.015873,0.00793651
Dataset\images\2864.jpg,4,-0.150794,0.793651
Dataset\images\2865.jpg,2,-0.865079,-0.436508
Dataset\images\2866.jpg,0,-0.0677507,-0.193573
Dataset\images\2867.jpg,5,-0.740418,0.488773
Dataset\images\2869.jpg,5,-0.888889,0.380952
Dataset\images\2870.jpg,3,0.261905,0.801587
Dataset\images\2871.jpg,2,-0.706349,-0.365079
Dataset\images\2872.jpg,1,0.498451,0.087108
Dataset\images\2873.jpg,0,0.01294,-0.00862664
Dataset\images\2874.jpg,7,0.0387147,0.793651
Dataset\images\2875.jpg,4,-0.149432,0.787009
Dataset\images\2876.jpg,4,-0.111305,0.754936
Dataset\images\2877.jpg,5,-0.711698,0.427019
Dataset\images\2878.jpg,5,-0.612672,0.478183
Dataset\images\2879.jpg,3,-0.029036,0.474255
Dataset\images\288.jpg,7,-0.232288,0.503291
Dataset\images\2880.jpg,5,-0.754936,0.498451
Dataset\images\2881.jpg,2,-0.880952,-0.325397
Dataset\images\2882.jpg,5,-0.730159,0.412698
Dataset\images\2884.jpg,6,-0.420635,0.833333
Dataset\images\2886.jpg,4,-0.182588,0.59889
Dataset\images\2887.jpg,3,0.214286,0.920635
Dataset\images\2888.jpg,6,-0.484127,0.15873
Dataset\images\2889.jpg,6,-0.202726,0.465838
Dataset\images\289.jpg,5,-0.714286,0.468254
Dataset\images\2890.jpg,0,0.0193573,-0.00967867
Dataset\images\2891.jpg,1,0.849206,-0.0714286
Dataset\images\2892.jpg,6,-0.336855,0.593324
Dataset\images\2893.jpg,6,-0.488145,0.811915
Dataset\images\2894.jpg,6,-0.349206,0.404762
Dataset\images\2895.jpg,7,-0.246806,0.29036
Dataset\images\2896.jpg,1,0.531746,0.0
Dataset\images\2898.jpg,1,0.842044,0.14518
Dataset\images\29.jpg,7,-0.18254,0.563492
Dataset\images\290.jpg,3,0.119048,0.667989
Dataset\images\2902.jpg,4,-0.0396825,0.873016
Dataset\images\2903.jpg,0,0.01294,0.00431332
Dataset\images\2904.jpg,1,0.883675,0.0216057
Dataset\images\2905.jpg,2,-0.734956,-0.336855
Dataset\images\2906.jpg,2,-0.460317,-0.198413
Dataset\images\2907.jpg,3,0.333914,0.822687
Dataset\images\2909.jpg,0,0.0,-0.0114837
Dataset\images\291.jpg,3,0.363618,0.547918
Dataset\images\2910.jpg,5,-0.692137,0.407732
Dataset\images\2912.jpg,4,-0.0532327,0.929152
Dataset\images\2915.jpg,6,-0.301587,0.634921
Dataset\images\2916.jpg,6,-0.438596,0.732435
Dataset\images\2917.jpg,7,-0.629144,0.629144
Dataset\images\2918.jpg,2,-0.866706,-0.209205
Dataset\images\2919.jpg,5,-0.562861,0.503088
Dataset\images\2921.jpg,1,0.724638,0.0733264
Dataset\images\2923.jpg,5,-0.730159,0.460317
Dataset\images\2924.jpg,7,-0.314557,0.333914
Dataset\images\2925.jpg,5,-0.488773,0.677507
Dataset\images\2932.jpg,7,-0.634921,0.619048
Dataset\images\2934.jpg,0,0.0238095,0.00793651
Dataset\images\2936.jpg,3,0.15873,0.84127
Dataset\images\2937.jpg,4,-0.119048,0.769841
Dataset\images\2938.jpg,3,0.36295,0.658149
Dataset\images\2939.jpg,4,-0.106465,0.764615
Dataset\images\294.jpg,7,-0.464576,0.517809
Dataset\images\2940.jpg,4,-0.112146,0.772084
Dataset\images\2941.jpg,0,-0.00432115,-0.0108029
Dataset\images\2942.jpg,2,-0.609756,-0.367789
Dataset\images\2944.jpg,2,-0.154859,-0.358111
Dataset\images\2945.jpg,3,-0.0714286,0.484127
Dataset\images\2946.jpg,2,-0.478778,-0.138026
Dataset\images\2949.jpg,3,0.15873,0.936508
Dataset\images\295.jpg,5,-0.416183,0.658149
Dataset\images\2950.jpg,0,0.0,0.0215666
Dataset\images\2951.jpg,2,-0.714286,-0.333333
Dataset\images\2952.jpg,5,-0.753266,0.479351
Dataset\images\2954.jpg,5,-0.754936,0.469415
Dataset\images\2956.jpg,7,-0.29036,0.527487
Dataset\images\2957.jpg,2,-0.246032,-0.380952
Dataset\images\2962.jpg,0,0.00793651,-0.015873
Dataset\images\2963.jpg,5,-0.754936,0.36295
Dataset\images\2966.jpg,6,-0.380952,0.515873
Dataset\images\2967.jpg,2,-0.79199,-0.249054
Dataset\images\2968.jpg,2,-0.491718,-0.11646
Dataset\images\297.jpg,1,0.762104,0.338713
Dataset\images\2970.jpg,1,0.565045,-0.0733264
Dataset\images\2971.jpg,0,-0.0629216,-0.271821
Dataset\images\2973.jpg,5,-0.730739,0.440379
Dataset\images\2975.jpg,2,-0.83682,-0.154413
Dataset\images\2976.jpg,6,-0.404762,0.68254
Dataset\images\2977.jpg,0,0.00862664,-0.0431332
Dataset\images\2978.jpg,3,-0.0842815,0.890223
Dataset\images\2979.jpg,5,-0.721061,0.445219
Dataset\images\298.jpg,7,0.329075,0.0338753
Dataset\images\2980.jpg,2,-0.365079,-0.222222
Dataset\images\2981.jpg,7,-0.642646,0.642646
Dataset\images\2982.jpg,7,-0.614595,0.711382
Dataset\images\2983.jpg,3,0.393505,0.582785
Dataset\images\2984.jpg,3,0.146653,0.577985
Dataset\images\2986.jpg,7,-0.648471,0.662989
Dataset\images\2987.jpg,7,-0.65873,0.65873
Dataset\images\2988.jpg,0,0.0,-0.304878
Dataset\images\2989.jpg,7,-0.595238,0.706543
Dataset\images\299.jpg,4,-0.087108,0.880759
Dataset\images\2990.jpg,1,0.777778,0.277778
Dataset\images\2992.jpg,5,-0.779133,0.430701
Dataset\images\2993.jpg,5,-0.774293,0.498451
Dataset\images\2994.jpg,3,0.166667,0.642857
Dataset\images\2996.jpg,7,-0.498451,0.711382
Dataset\images\2997.jpg,7,-0.658149,0.662989
Dataset\images\2998.jpg,4,-0.0793651,0.801587
Dataset\images\2999.jpg,6,-0.760184,0.444636
Dataset\images\3.jpg,0,0.00483933,-0.00483933
Dataset\images\30.jpg,3,0.0689021,0.750268
Dataset\images\300.jpg,5,-0.759775,0.454897
Dataset\images\3001.jpg,0,-0.0338753,-0.0629113
Dataset\images\3002.jpg,6,-0.293651,0.420635
Dataset\images\3005.jpg,5,-0.750518,0.431332
Dataset\images\3008.jpg,7,-0.474255,0.512969
Dataset\images\3010.jpg,2,-0.392512,-0.120773
Dataset\images\3012.jpg,1,0.495154,0.126422
Dataset\images\3014.jpg,3,0.343694,0.567842
Dataset\images\3015.jpg,5,-0.681504,0.431332
Dataset\images\3017.jpg,4,-0.224148,0.876669
Dataset\images\3019.jpg,3,0.358637,0.532975
Dataset\images\302.jpg,7,-0.305154,0.501055
Dataset\images\3020.jpg,1,0.479351,0.0895491
Dataset\images\3021.jpg,5,-0.880952,0.412698
Dataset\images\3022.jpg,6,-0.40633,0.76276
Dataset\images\3023.jpg,3,0.172533,0.664251
Dataset\images\3024.jpg,6,-0.446429,0.665727
Dataset\images\3025.jpg,5,-0.660173,0.465368
Dataset\images\3027.jpg,1,0.807686,0.256469
Dataset\images\3028.jpg,0,-0.0483933,-0.07259
Dataset\images\303.jpg,5,-0.764615,0.474255
Dataset\images\3033.jpg,0,0.0,-0.00431332
Dataset\images\3034.jpg,2,-0.626984,-0.269841
Dataset\images\3035.jpg,6,-0.643631,0.36295
Dataset\images\3038.jpg,0,0.0819531,-0.0258799
Dataset\images\3039.jpg,4,-0.0583355,0.533662
Dataset\images\304.jpg,6,-0.478183,0.811915
Dataset\images\3040.jpg,6,-0.539683,0.0952381
Dataset\images\3042.jpg,2,-0.821877,-0.268978
Dataset\images\3043.jpg,3,0.111305,0.856562
Dataset\images\3044.jpg,6,-0.116144,0.329075
Dataset\images\3045.jpg,3,0.10352,0.470152
Dataset\images\3046.jpg,1,0.396825,0.103175
Dataset\images\3047.jpg,4,-0.15873,0.738095
Dataset\images\3049.jpg,4,-0.058072,0.808169
Dataset\images\305.jpg,5,-0.813008,0.479094
Dataset\images\3050.jpg,7,-0.662989,0.662989
Dataset\images\3051.jpg,1,0.539683,0.00793651
Dataset\images\3052.jpg,0,0.00793651,0.015873
Dataset\images\3053.jpg,1,0.473322,-0.0573723
Dataset\images\3054.jpg,4,0.246806,0.754936
Dataset\images\3056.jpg,7,-0.154859,0.624274
Dataset\images\3059.jpg,6,-0.716221,0.527487
Dataset\images\3063.jpg,7,-0.642646,0.642646
Dataset\images\3064.jpg,6,-0.237233,0.543478
Dataset\images\3066.jpg,7,-0.623947,0.65457
Dataset\images\3067.jpg,2,-0.632111,-0.26338
Dataset\images\307.jpg,5,-0.865079,0.373016
Dataset\images\3071.jpg,0,0.0873016,-0.047619
Dataset\images\3072.jpg,2,-0.759144,-0.250173
Dataset\images\3073.jpg,3,-0.214286,0.880952
Dataset\images\3074.jpg,5,-0.912698,0.365079
Dataset\images\3075.jpg,2,-0.608636,-0.294748
Dataset\images\3076.jpg,1,0.875919,0.101626
Dataset\images\3077.jpg,0,-0.00483933,-0.014518
Dataset\images\3080.jpg,2,-0.383885,-0.120773
Dataset\images\3081.jpg,5,-0.920635,0.333333
Dataset\images\3082.jpg,1,0.811209,-0.279182
Dataset\images\3083.jpg,1,0.880952,0.277778
Dataset\images\3084.jpg,7,-0.537956,0.677426
Dataset\images\3085.jpg,3,-0.0677507,0.793651
Dataset\images\3087.jpg,7,-0.269841,0.333333
Dataset\images\3088.jpg,3,0.358196,0.747998
Dataset\images\3089.jpg,0,0.0,0.0238095
Dataset\images\309.jpg,5,-0.644841,0.449972
Dataset\images\3090.jpg,1,0.396825,0.043554
Dataset\images\3091.jpg,6,-0.47619,0.412698
Dataset\images\3092.jpg,6,-0.146653,0.370945
Dataset\images\3093.jpg,6,-0.434275,0.710829
Dataset\images\3094.jpg,5,-0.735579,0.503291
Dataset\images\3095.jpg,2,-0.530538,-0.176846
Dataset\images\3096.jpg,6,-0.301587,0.65873
Dataset\images\3097.jpg,3,0.0862664,0.560732
Dataset\images\3098.jpg,4,-0.087108,0.774293
Dataset\images\3099.jpg,2,-0.856744,-0.27894
Dataset\images\31.jpg,0,-0.316056,-0.15276
Dataset\images\310.jpg,1,0.507936,0.0634921
Dataset\images\3102.jpg,7,-0.62954,0.649718
Dataset\images\3104.jpg,7,-0.666667,0.634921
Dataset\images\3106.jpg,7,-0.425861,0.479094
Dataset\images\3107.jpg,6,-0.436508,0.785714
Dataset\images\3109.jpg,0,0.0236518,0.0
Dataset\images\311.jpg,3,0.450058,0.783972
Dataset\images\3110.jpg,5,-0.571429,0.468254
Dataset\images\3111.jpg,6,-0.396825,0.764615
Dataset\images\3114.jpg,4,-0.205255,0.877193
Dataset\images\3115.jpg,0,-0.029036,0.0774293
Dataset\images\3117.jpg,4,-0.110375,0.764743
Dataset\images\3118.jpg,3,0.333914,0.687185
Dataset\images\3119.jpg,5,-0.801573,0.291677
Dataset\images\312.jpg,4,-0.111305,0.754936
Dataset\images\3120.jpg,3,0.15873,0.746032
Dataset\images\3122.jpg,6,-0.471005,0.423472
Dataset\images\3124.jpg,5,-0.761905,0.404762
Dataset\images\3125.jpg,4,-0.295199,0.774293
Dataset\images\3126.jpg,5,-0.488773,0.648471
Dataset\images\3127.jpg,0,-0.168563,-0.389802
Dataset\images\3128.jpg,3,0.253968,0.801587
Dataset\images\3129.jpg,7,-0.531463,0.637755
Dataset\images\313.jpg,2,-0.866706,-0.159394
Dataset\images\3130.jpg,7,-0.358111,0.469415
Dataset\images\3131.jpg,7,-0.653182,0.647914
Dataset\images\3132.jpg,0,-0.0396825,-0.031746
Dataset\images\3133.jpg,1,0.532027,0.13169
Dataset\images\3134.jpg,4,-0.126984,0.84127
Dataset\images\3135.jpg,7,-0.232288,0.687185
Dataset\images\3136.jpg,1,0.512969,0.058072
Dataset\images\3138.jpg,6,-0.448296,0.816896
Dataset\images\3139.jpg,1,0.796203,0.183739
Dataset\images\314.jpg,5,-0.764615,0.43554
Dataset\images\3141.jpg,0,0.116144,-0.275842
Dataset\images\3143.jpg,4,-0.07259,0.672667
Dataset\images\3145.jpg,0,-0.453013,0.179098
Dataset\images\3146.jpg,4,-0.0822687,0.667828
Dataset\images\3149.jpg,7,-0.722222,0.619048
Dataset\images\3152.jpg,6,-0.420635,0.904762
Dataset\images\3153.jpg,5,-0.849206,0.404762
Dataset\images\3154.jpg,3,0.555556,0.761905
Dataset\images\3155.jpg,2,-0.780423,-0.244709
Dataset\images\3157.jpg,0,0.015873,0.0238095
Dataset\images\3158.jpg,2,-0.648384,-0.318878
Dataset\images\3159.jpg,4,-0.261324,0.7259
Dataset\images\316.jpg,4,-0.0634921,0.619048
Dataset\images\3160.jpg,5,-0.774293,0.43554
Dataset\images\3162.jpg,6,-0.238095,0.626984
Dataset\images\3163.jpg,3,0.140341,0.474255
Dataset\images\3164.jpg,4,-0.238095,0.880952
Dataset\images\3165.jpg,1,0.547619,0.015873
Dataset\images\3166.jpg,2,-0.406872,-0.218505
Dataset\images\3167.jpg,3,0.522648,0.803329
Dataset\images\3168.jpg,4,-0.0793651,0.777778
Dataset\images\3169.jpg,7,-0.571041,0.609756
Dataset\images\317.jpg,6,-0.388889,0.769841
Dataset\images\3170.jpg,5,-0.353271,0.193573
Dataset\images\3172.jpg,1,0.849206,0.103175
Dataset\images\3173.jpg,0,-0.158028,-0.331858
Dataset\images\3174.jpg,2,-0.872872,-0.319765
Dataset\images\3175.jpg,2,-0.711382,-0.227449
Dataset\images\3176.jpg,0,-0.00403551,0.0242131
Dataset\images\3177.jpg,6,-0.241967,0.551684
Dataset\images\3178.jpg,7,-0.595238,0.664251
Dataset\images\3179.jpg,3,-0.198413,0.896825
Dataset\images\318.jpg,5,-0.666667,0.698413
Dataset\images\3181.jpg,1,0.516224,0.0842815
Dataset\images\3182.jpg,2,-0.142857,-0.666667
Dataset\images\3185.jpg,0,-0.0474465,0.107833
Dataset\images\3186.jpg,6,-0.72166,0.442478
Dataset\images\3188.jpg,3,0.058072,0.440379
Dataset\images\3189.jpg,1,0.800264,0.0992063
Dataset\images\319.jpg,2,-0.965608,-0.152116
Dataset\images\3190.jpg,4,-0.200169,0.769069
Dataset\images\3191.jpg,6,-0.72166,0.468816
Dataset\images\3192.jpg,6,-0.212215,0.439959
Dataset\images\3193.jpg,7,-0.375013,0.478204
Dataset\images\3194.jpg,6,-0.401665,0.764615
Dataset\images\3195.jpg,2,-0.912698,-0.166667
Dataset\images\3196.jpg,4,-0.129508,0.856744
Dataset\images\3198.jpg,6,-0.641534,0.37037
Dataset\images\320.jpg,0,0.00793651,0.0
Dataset\images\3200.jpg,2,-0.94367,-0.0677507
Dataset\images\3201.jpg,3,0.0603865,0.375259
Dataset\images\3202.jpg,2,-0.496032,-0.138026
Dataset\images\3203.jpg,0,0.0747161,0.0398486
Dataset\images\3204.jpg,1,0.853175,0.171958
Dataset\images\3209.jpg,1,0.761905,-0.507936
Dataset\images\321.jpg,0,-0.382307,0.0967867
Dataset\images\3210.jpg,4,-0.111111,0.849206
Dataset\images\3212.jpg,1,0.912698,0.31746
Dataset\images\3213.jpg,6,-0.409585,0.723473
Dataset\images\3215.jpg,6,-0.447864,0.723473
Dataset\images\3216.jpg,7,-0.632111,0.653182
Dataset\images\3217.jpg,0,-0.00793651,0.00793651
Dataset\images\3218.jpg,0,0.0629216,-0.0151012
Dataset\images\3219.jpg,7,-0.662989,0.65331
Dataset\images\322.jpg,2,-0.483092,-0.125086
Dataset\images\3220.jpg,0,-0.0873016,-0.0634921
Dataset\images\3221.jpg,4,-0.209205,0.866706
Dataset\images\3222.jpg,2,-0.815217,-0.271739
Dataset\images\3223.jpg,2,-0.699824,-0.263403
Dataset\images\3224.jpg,4,-0.122493,0.734956
Dataset\images\3225.jpg,3,-0.150019,0.803329
Dataset\images\3226.jpg,3,0.358111,0.706543
Dataset\images\3227.jpg,0,0.13947,0.069735
Dataset\images\3228.jpg,7,-0.642646,0.674252
Dataset\images\3229.jpg,6,-0.750097,0.512969
Dataset\images\3232.jpg,5,-0.674603,0.484127
Dataset\images\3233.jpg,2,-0.664251,-0.198413
Dataset\images\3235.jpg,1,0.896825,-0.047619
Dataset\images\3236.jpg,3,0.235503,0.738916
Dataset\images\3237.jpg,1,0.813008,0.130662
Dataset\images\3239.jpg,5,-0.758533,0.489886
Dataset\images\3240.jpg,3,0.0634921,0.769841
Dataset\images\3241.jpg,1,0.936508,0.126984
Dataset\images\3242.jpg,5,-0.81746,0.388889
Dataset\images\3243.jpg,5,-0.515873,0.523809
Dataset\images\3244.jpg,0,-0.047619,-0.0555556
Dataset\images\3245.jpg,6,-0.363618,0.438334
Dataset\images\3246.jpg,6,-0.51305,0.821877
Dataset\images\3247.jpg,2,-0.349206,-0.174603
Dataset\images\3248.jpg,5,-0.758361,0.304641
Dataset\images\3249.jpg,2,-0.873016,-0.349206
Dataset\images\3251.jpg,3,0.119048,0.547619
Dataset\images\3252.jpg,7,-0.314557,0.377468
Dataset\images\3253.jpg,3,0.503291,0.711382
Dataset\images\3254.jpg,1,0.5,-0.166667
Dataset\images\3255.jpg,5,-0.319765,0.535822
Dataset\images\3256.jpg,2,-0.825397,-0.325397
Dataset\images\3257.jpg,2,-0.787009,-0.229129
Dataset\images\3258.jpg,7,-0.479094,0.50813
Dataset\images\3260.jpg,6,-0.711125,0.442478
Dataset\images\3261.jpg,4,-0.154413,0.841801
Dataset\images\3262.jpg,0,0.00498107,0.0896593
Dataset\images\3263.jpg,5,-0.706508,0.196612
Dataset\images\3264.jpg,2,-0.879688,-0.310788
Dataset\images\3265.jpg,4,-0.0919473,0.774293
Dataset\images\3267.jpg,3,0.230159,0.920635
Dataset\images\3269.jpg,6,-0.380952,0.857143
Dataset\images\327.jpg,2,-0.796971,-0.229129
Dataset\images\3270.jpg,7,-0.648471,0.658149
Dataset\images\3271.jpg,5,-0.711382,0.682346
Dataset\images\3272.jpg,5,-0.595238,0.484127
Dataset\images\3275.jpg,0,0.0,-0.0038279
Dataset\images\3276.jpg,0,0.00793651,0.015873
Dataset\images\3277.jpg,7,-0.179055,0.304878
Dataset\images\3278.jpg,4,-0.029036,0.875919
Dataset\images\3279.jpg,6,-0.119048,0.357143
Dataset\images\328.jpg,5,-0.817847,0.367789
Dataset\images\3280.jpg,1,0.500345,-0.112146
Dataset\images\3281.jpg,3,0.179055,0.735579
Dataset\images\3282.jpg,1,0.5,-0.047619
Dataset\images\3284.jpg,5,-0.730739,0.377468
Dataset\images\3285.jpg,3,0.261905,0.865079
Dataset\images\3286.jpg,0,0.0,-0.00793651
Dataset\images\3288.jpg,2,-0.849206,-0.349206
Dataset\images\329.jpg,3,0.269841,0.801587
Dataset\images\3291.jpg,3,0.368599,0.617653
Dataset\images\3293.jpg,7,-0.619435,0.662989
Dataset\images\3294.jpg,1,0.730159,0.349206
Dataset\images\3295.jpg,7,-0.558365,0.668984
Dataset\images\3296.jpg,6,-0.5689,0.753266
Dataset\images\3297.jpg,1,0.836784,0.107833
Dataset\images\330.jpg,7,-0.633953,0.633953
Dataset\images\3301.jpg,4,-0.0701809,0.961738
Dataset\images\3302.jpg,4,-0.0822687,0.658149
Dataset\images\3303.jpg,4,0.212931,0.79849
Dataset\images\3305.jpg,6,-0.214286,0.373016
Dataset\images\3306.jpg,0,-0.00431332,-0.01294
Dataset\images\3307.jpg,6,-0.663717,0.674252
Dataset\images\3309.jpg,2,-0.388889,-0.166667
Dataset\images\331.jpg,0,-0.300253,0.105352
Dataset\images\3311.jpg,5,-0.831821,0.386743
Dataset\images\3312.jpg,2,-0.484127,-0.365079
Dataset\images\3314.jpg,4,-0.116144,0.609756
Dataset\images\3315.jpg,3,0.0301932,0.336439
Dataset\images\3316.jpg,2,-0.696864,-0.300039
Dataset\images\3317.jpg,7,-0.410688,0.483469
Dataset\images\3318.jpg,6,-0.107833,0.332126
Dataset\images\332.jpg,6,-0.409585,0.463176
Dataset\images\3320.jpg,7,-0.677507,0.687185
Dataset\images\3321.jpg,2,-0.103175,-0.293651
Dataset\images\3323.jpg,5,-0.728951,0.457212
Dataset\images\3324.jpg,6,-0.150794,0.373016
Dataset\images\3326.jpg,2,-0.222222,-0.373016
Dataset\images\3327.jpg,3,0.358111,0.667828
Dataset\images\3328.jpg,3,-0.214286,0.880952
Dataset\images\3329.jpg,3,0.206349,0.960317
Dataset\images\333.jpg,2,-0.68254,-0.293651
Dataset\images\3330.jpg,6,-0.409765,0.780711
Dataset\images\3331.jpg,3,0.222609,0.788811
Dataset\images\3332.jpg,1,0.698413,0.349206
Dataset\images\3333.jpg,0,0.0919473,0.0822687
Dataset\images\3334.jpg,5,-0.753968,0.444444
Dataset\images\3337.jpg,1,0.36295,0.00967867
Dataset\images\3338.jpg,0,0.00793651,0.0396825
Dataset\images\3339.jpg,6,-0.126984,0.285714
Dataset\images\334.jpg,7,-0.531058,0.568811
Dataset\images\3340.jpg,0,0.01294,-0.0301932
Dataset\images\3341.jpg,1,0.285714,0.0952381
Dataset\images\3344.jpg,5,-0.745257,0.430701
Dataset\images\3345.jpg,7,-0.537956,0.682407
Dataset\images\3346.jpg,1,0.555556,0.0
Dataset\images\3349.jpg,6,-0.452381,0.769841
Dataset\images\335.jpg,1,0.626984,0.198413
Dataset\images\3350.jpg,7,-0.485755,0.458069
Dataset\images\3351.jpg,1,0.890437,0.150019
Dataset\images\3352.jpg,4,-0.0483933,0.953349
Dataset\images\3353.jpg,6,-0.795407,0.468816
Dataset\images\3354.jpg,0,0.00793651,0.0238095
Dataset\images\3355.jpg,5,-0.759775,0.367789
Dataset\images\3357.jpg,1,0.365079,0.015873
Dataset\images\3358.jpg,7,-0.271003,0.304878
Dataset\images\3359.jpg,6,-0.11646,0.314872
Dataset\images\336.jpg,6,-0.07259,0.827526
Dataset\images\3361.jpg,2,-0.603175,-0.222222
Dataset\images\3362.jpg,4,-0.0995253,0.608636
Dataset\images\3363.jpg,4,-0.0714286,0.746032
Dataset\images\3365.jpg,2,-0.625377,-0.161995
Dataset\images\3368.jpg,5,-0.634179,0.437621
Dataset\images\3369.jpg,7,-0.634921,0.619048
Dataset\images\337.jpg,1,0.510957,0.100084
Dataset\images\3371.jpg,0,-0.00483933,0.0338753
Dataset\images\3372.jpg,4,-0.107551,0.786233
Dataset\images\3373.jpg,4,-0.125823,0.488773
Dataset\images\3374.jpg,0,-0.0301932,-0.0388199
Dataset\images\3375.jpg,3,0.464576,0.808169
Dataset\images\3376.jpg,7,-0.612491,0.664251
Dataset\images\3377.jpg,3,0.401139,0.418392
Dataset\images\3378.jpg,5,-0.622634,0.483164
Dataset\images\3379.jpg,0,-0.0714286,0.0793651
Dataset\images\338.jpg,5,-0.920635,0.365079
Dataset\images\3381.jpg,6,-0.5,0.103175
Dataset\images\3382.jpg,5,-0.68254,0.484127
Dataset\images\3383.jpg,1,0.5,0.0873016
Dataset\images\3384.jpg,6,-0.388889,0.119048
Dataset\images\3385.jpg,3,-0.0790139,0.863885
Dataset\images\3386.jpg,4,-0.0967867,0.609756
Dataset\images\3387.jpg,7,-0.169377,0.643631
Dataset\images\3388.jpg,2,-0.928571,-0.174603
Dataset\images\3389.jpg,7,-0.309717,0.377468
Dataset\images\339.jpg,7,-0.658149,0.658149
Dataset\images\3390.jpg,4,-0.0793651,0.706349
Dataset\images\3392.jpg,7,-0.494771,0.574713
Dataset\images\3393.jpg,5,-0.857143,0.388889
Dataset\images\3395.jpg,6,-0.396825,0.65873
Dataset\images\3398.jpg,1,0.516224,0.126422
Dataset\images\3399.jpg,1,0.489886,0.110619
Dataset\images\34.jpg,7,-0.300039,0.333914
Dataset\images\3400.jpg,0,-0.0634921,0.103175
Dataset\images\3401.jpg,6,-0.619435,0.411343
Dataset\images\3402.jpg,5,-0.880952,0.428571
Dataset\images\3403.jpg,7,-0.365079,0.230159
Dataset\images\3404.jpg,4,-0.2082,0.779415
Dataset\images\3405.jpg,6,-0.373016,0.833333
Dataset\images\3406.jpg,6,-0.483164,0.826858
Dataset\images\3407.jpg,1,0.830654,0.233502
Dataset\images\3408.jpg,0,0.347661,-0.126422
Dataset\images\341.jpg,4,-0.0776398,0.491718
Dataset\images\3411.jpg,2,-0.515873,-0.468254
Dataset\images\3412.jpg,7,-0.619435,0.648471
Dataset\images\3413.jpg,0,0.0,-0.015873
Dataset\images\3414.jpg,5,-0.740418,0.421022
Dataset\images\3415.jpg,5,-0.920635,0.373016
Dataset\images\3416.jpg,6,-0.438334,0.787009
Dataset\images\3417.jpg,6,-0.269841,0.579365
Dataset\images\3420.jpg,3,0.0629113,0.493612
Dataset\images\3421.jpg,6,-0.483164,0.826858
Dataset\images\3422.jpg,3,0.12836,0.548676
Dataset\images\3423.jpg,2,-0.452899,-0.14234
Dataset\images\3424.jpg,6,-0.159593,0.543478
Dataset\images\3425.jpg,4,-0.174216,0.788811
Dataset\images\3426.jpg,6,-0.448296,0.782028
Dataset\images\3427.jpg,4,-0.109649,0.97901
Dataset\images\3428.jpg,1,0.611111,-0.119048
Dataset\images\3429.jpg,6,-0.338753,0.614595
Dataset\images\3433.jpg,6,-0.423472,0.883675
Dataset\images\3435.jpg,4,-0.206349,0.761905
Dataset\images\3436.jpg,7,-0.658149,0.658149
Dataset\images\3437.jpg,7,-0.300039,0.353271
Dataset\images\3438.jpg,2,-0.517598,-0.14234
Dataset\images\3439.jpg,2,-0.952381,-0.126984
Dataset\images\3440.jpg,4,-0.110619,0.842815
Dataset\images\3443.jpg,7,-0.579365,0.611111
Dataset\images\3445.jpg,3,0.285521,0.672667
Dataset\images\3446.jpg,1,0.793651,0.10352
Dataset\images\3447.jpg,1,0.460317,0.119048
Dataset\images\3448.jpg,4,-0.0822687,0.759775
Dataset\images\3449.jpg,1,0.571429,0.0
Dataset\images\3451.jpg,6,-0.325964,0.559807
Dataset\images\3452.jpg,7,-0.609756,0.638792
Dataset\images\3453.jpg,2,-0.604917,-0.251645
Dataset\images\3455.jpg,5,-0.873016,0.436508
Dataset\images\3457.jpg,3,-0.0487329,0.870231
Dataset\images\3458.jpg,5,-0.445485,0.203866
Dataset\images\3459.jpg,0,-0.0396825,-0.047619
Dataset\images\3460.jpg,4,-0.058072,0.900116
Dataset\images\3461.jpg,6,-0.253968,0.436508
Dataset\images\3463.jpg,4,-0.10917,0.608235
Dataset\images\3464.jpg,3,0.238095,0.809524
Dataset\images\3465.jpg,6,-0.468254,0.269841
Dataset\images\3466.jpg,4,-0.105708,0.908588
Dataset\images\3467.jpg,3,0.198413,0.833333
Dataset\images\3468.jpg,2,-0.888889,-0.412698
Dataset\images\3469.jpg,2,-0.75188,-0.454261
Dataset\images\3470.jpg,3,0.275842,0.517809
Dataset\images\3471.jpg,6,-0.409585,0.731128
Dataset\images\3472.jpg,1,0.849206,0.0952381
Dataset\images\3473.jpg,0,0.00793651,0.015873
Dataset\images\3474.jpg,3,-0.0387147,0.788811
Dataset\images\3477.jpg,2,-0.750097,-0.348432
Dataset\images\3478.jpg,4,-0.115776,0.863284
Dataset\images\3479.jpg,6,-0.374445,0.844438
Dataset\images\3480.jpg,0,-0.031746,0.047619
Dataset\images\3482.jpg,1,0.380952,0.047619
Dataset\images\3483.jpg,0,-0.00793651,-0.00793651
Dataset\images\3484.jpg,7,-0.65873,0.674603
Dataset\images\3485.jpg,1,0.805781,0.55105
Dataset\images\3486.jpg,3,0.343531,0.805894
Dataset\images\3487.jpg,6,-0.711125,0.426675
Dataset\images\3488.jpg,4,-0.0952381,0.714286
Dataset\images\3489.jpg,5,-0.738784,0.447864
Dataset\images\349.jpg,1,0.430701,0.0483933
Dataset\images\3491.jpg,1,0.896825,0.293651
Dataset\images\3492.jpg,1,0.551684,0.111305
Dataset\images\3493.jpg,7,-0.50813,0.585559
Dataset\images\3494.jpg,2,-0.523809,-0.246032
Dataset\images\3496.jpg,6,-0.404762,0.690476
Dataset\images\3497.jpg,5,-0.459737,0.648471
Dataset\images\3499.jpg,6,-0.373016,0.722222
Dataset\images\35.jpg,1,0.611111,0.0873016
Dataset\images\350.jpg,1,0.416183,0.087108
Dataset\images\3500.jpg,1,0.358111,0.0
Dataset\images\3501.jpg,4,-0.087108,0.764615
Dataset\images\3502.jpg,0,0.01294,-0.0215666
Dataset\images\3503.jpg,1,0.825397,0.230159
Dataset\images\3504.jpg,6,-0.765803,0.466444
Dataset\images\3506.jpg,4,-0.101626,0.837205
Dataset\images\3507.jpg,6,-0.404762,0.833333
Dataset\images\3509.jpg,1,0.611111,0.166667
Dataset\images\351.jpg,7,-0.690476,0.619048
Dataset\images\3512.jpg,4,-0.122493,0.769407
Dataset\images\3513.jpg,4,-0.11558,0.733934
Dataset\images\3515.jpg,4,-0.029036,0.967867
Dataset\images\3517.jpg,4,-0.0873016,0.47619
Dataset\images\3518.jpg,2,-0.857143,-0.309524
Dataset\images\3519.jpg,2,-0.765579,-0.252641
Dataset\images\3521.jpg,4,-0.197195,0.576979
Dataset\images\3522.jpg,6,-0.404762,0.833333
Dataset\images\3523.jpg,6,-0.150794,0.349206
Dataset\images\3524.jpg,2,-0.460317,-0.238095
Dataset\images\3525.jpg,3,0.166113,0.727373
Dataset\images\3527.jpg,0,-0.00648172,-0.0194452
Dataset\images\3528.jpg,3,0.314872,0.785024
Dataset\images\3529.jpg,0,0.0,0.015873
Dataset\images\353.jpg,5,-0.130662,0.391986
Dataset\images\3530.jpg,6,-0.571041,0.7259
Dataset\images\3531.jpg,6,-0.116144,0.36295
Dataset\images\3533.jpg,6,-0.483164,0.816896
Dataset\images\3534.jpg,0,0.353271,-0.0967867
Dataset\images\3535.jpg,5,-0.730159,0.404762
Dataset\images\3537.jpg,6,-0.387147,0.735579
Dataset\images\3538.jpg,7,-0.329075,0.87108
Dataset\images\3539.jpg,0,0.0238095,0.0
Dataset\images\354.jpg,7,-0.338753,0.382307
Dataset\images\3541.jpg,5,-0.475687,0.241619
Dataset\images\3542.jpg,4,-0.134921,0.698413
Dataset\images\3544.jpg,4,-0.043554,0.953349
Dataset\images\3545.jpg,3,0.0819531,0.310559
Dataset\images\3546.jpg,1,0.526759,0.13169
Dataset\images\3547.jpg,6,-0.387147,0.658149
Dataset\images\3548.jpg,4,-0.0919473,0.813008
Dataset\images\3549.jpg,7,-0.634921,0.642857
Dataset\images\355.jpg,5,-0.661376,0.296296
Dataset\images\3551.jpg,5,-0.730159,0.420635
Dataset\images\3553.jpg,3,0.101626,0.885598
Dataset\images\3554.jpg,3,0.483092,0.461525
Dataset\images\3555.jpg,5,-0.666667,0.468254
Dataset\images\3556.jpg,3,0.307057,0.744991
Dataset\images\3558.jpg,6,-0.483164,0.831839
Dataset\images\356.jpg,6,-0.587302,0.404762
Dataset\images\3561.jpg,7,-0.650794,0.619048
Dataset\images\3562.jpg,6,-0.464576,0.662989
Dataset\images\3564.jpg,3,0.452381,0.873016
Dataset\images\3565.jpg,7,-0.658398,0.658398
Dataset\images\3567.jpg,5,-0.70059,0.463548
Dataset\images\357.jpg,1,0.539683,-0.00793651
Dataset\images\3570.jpg,5,-0.140341,0.353271
Dataset\images\3571.jpg,0,0.0344511,0.0459348
Dataset\images\3572.jpg,7,-0.410509,0.617924
Dataset\images\3573.jpg,3,0.329075,0.769454
Dataset\images\3574.jpg,7,-0.579365,0.65873
Dataset\images\3576.jpg,5,-0.690476,0.460317
Dataset\images\3578.jpg,5,-0.756394,0.449678
Dataset\images\3579.jpg,5,-0.587302,0.484127
Dataset\images\358.jpg,2,-0.543478,-0.207039
Dataset\images\3580.jpg,1,0.832471,0.11646
Dataset\images\3581.jpg,2,-0.674603,-0.190476
Dataset\images\3583.jpg,4,-0.15276,0.774336
Dataset\images\3584.jpg,0,-0.0967867,-0.106465
Dataset\images\3585.jpg,7,-0.429476,0.474684
Dataset\images\3586.jpg,2,-0.914634,-0.261324
Dataset\images\3587.jpg,5,-0.732195,0.532027
Dataset\images\3588.jpg,3,-0.0432115,0.591997
Dataset\images\3589.jpg,7,-0.545416,0.650304
Dataset\images\3590.jpg,7,-0.304878,0.343593
Dataset\images\3591.jpg,6,-0.65873,0.595238
Dataset\images\3593.jpg,4,-0.134921,0.785714
Dataset\images\3595.jpg,3,0.280681,0.633953
Dataset\images\3597.jpg,4,-0.238095,0.777778
Dataset\images\3598.jpg,1,0.871291,0.0819531
Dataset\images\36.jpg,3,0.224293,0.733264
Dataset\images\360.jpg,0,0.00661376,0.0
Dataset\images\3601.jpg,1,0.553097,0.0948167
Dataset\images\3602.jpg,3,0.214286,0.769841
Dataset\images\3605.jpg,4,-0.219167,0.886631
Dataset\images\3606.jpg,3,0.134921,0.571429
Dataset\images\3607.jpg,6,-0.473202,0.801953
Dataset\images\3608.jpg,4,-0.0483933,0.764615
Dataset\images\361.jpg,1,0.830654,0.206706
Dataset\images\3612.jpg,7,-0.638792,0.648471
Dataset\images\3614.jpg,7,-0.43554,0.469415
Dataset\images\3618.jpg,6,-0.523809,0.142857
Dataset\images\3619.jpg,7,-0.667828,0.648471
Dataset\images\362.jpg,1,0.505689,0.0895491
Dataset\images\3620.jpg,7,-0.401665,0.445219
Dataset\images\3623.jpg,7,-0.635431,0.635431
Dataset\images\3625.jpg,0,-0.00864229,-0.0216057
Dataset\images\3627.jpg,4,-0.224148,0.851763
Dataset\images\3629.jpg,6,-0.373016,0.142857
Dataset\images\363.jpg,5,-0.609081,0.712272
Dataset\images\3631.jpg,3,0.0677507,0.609756
Dataset\images\3632.jpg,3,-0.0370865,0.522919
Dataset\images\3633.jpg,6,-0.214286,0.380952
Dataset\images\3634.jpg,6,-0.696864,0.445219
Dataset\images\3635.jpg,6,-0.658149,0.416183
Dataset\images\3636.jpg,0,-0.347661,0.0948167
Dataset\images\3637.jpg,0,0.00793651,0.0238095
Dataset\images\3639.jpg,0,0.015873,0.0
Dataset\images\364.jpg,4,-0.0560732,0.901484
Dataset\images\3641.jpg,7,-0.525374,0.67628
Dataset\images\3642.jpg,7,-0.261324,0.556523
Dataset\images\3643.jpg,2,-0.440208,-0.31006
Dataset\images\3645.jpg,3,0.159593,0.599551
Dataset\images\3646.jpg,6,-0.33726,0.60153
Dataset\images\3648.jpg,6,-0.542005,0.667828
Dataset\images\3649.jpg,1,0.727301,0.133976
Dataset\images\365.jpg,0,0.00793651,0.015873
Dataset\images\3652.jpg,1,0.591296,0.00788395
Dataset\images\3654.jpg,0,0.00483933,0.00483933
Dataset\images\3655.jpg,1,0.68254,0.206349
Dataset\images\3656.jpg,1,0.516224,0.0948167
Dataset\images\3657.jpg,6,-0.493612,0.411343
Dataset\images\3658.jpg,5,-0.579365,0.492063
Dataset\images\3659.jpg,0,0.00793651,-0.015873
Dataset\images\366.jpg,5,-0.701703,0.421022
Dataset\images\3660.jpg,1,0.488773,0.07259
Dataset\images\3661.jpg,2,-0.880952,-0.34127
Dataset\images\3662.jpg,3,-0.488773,0.658149
Dataset\images\3663.jpg,0,0.421407,-0.226507
Dataset\images\3664.jpg,5,-0.735579,0.50813
Dataset\images\3665.jpg,1,0.28699,0.343679
Dataset\images\3666.jpg,1,0.531746,-0.0873016
Dataset\images\3668.jpg,0,0.0,0.0
Dataset\images\3669.jpg,0,0.136957,-0.431943
Dataset\images\367.jpg,6,-0.32377,0.478183
Dataset\images\3670.jpg,4,-0.126984,0.746032
Dataset\images\3671.jpg,1,0.685818,0.094893
Dataset\images\3672.jpg,4,-0.0483933,0.929152
Dataset\images\3673.jpg,5,-0.803329,0.454897
Dataset\images\3675.jpg,5,-0.666667,0.452381
Dataset\images\3676.jpg,5,-0.721061,0.648471
Dataset\images\3677.jpg,1,0.892857,0.125661
Dataset\images\3679.jpg,4,-0.108029,0.540143
Dataset\images\3680.jpg,0,0.0,-0.00793651
Dataset\images\3681.jpg,2,-0.624274,-0.232288
Dataset\images\3682.jpg,5,-0.22713,0.650063
Dataset\images\3684.jpg,5,-0.779878,0.524223
Dataset\images\3685.jpg,2,-0.452381,-0.190476
Dataset\images\3686.jpg,7,-0.603175,0.666667
Dataset\images\3687.jpg,7,-0.614595,0.633953
Dataset\images\3688.jpg,1,0.505689,0.0842815
Dataset\images\3689.jpg,2,-0.723473,-0.294748
Dataset\images\3690.jpg,2,-0.619435,-0.300039
Dataset\images\3691.jpg,3,0.230159,0.777778
Dataset\images\3692.jpg,3,0.015873,0.47619
Dataset\images\3693.jpg,3,0.384534,0.742731
Dataset\images\3696.jpg,2,-0.68254,-0.301587
Dataset\images\3697.jpg,1,0.906085,0.0595238
Dataset\images\3698.jpg,4,-0.166667,0.642857
Dataset\images\37.jpg,2,-0.769841,-0.388889
Dataset\images\370.jpg,5,-0.714286,0.412698
Dataset\images\3700.jpg,1,0.672878,0.0733264
Dataset\images\3701.jpg,7,-0.411343,0.474255
Dataset\images\3702.jpg,5,-0.730739,0.604917
Dataset\images\3703.jpg,1,0.912698,0.174603
Dataset\images\3704.jpg,0,-0.431943,0.147493
Dataset\images\3706.jpg,3,-0.116144,0.900116
Dataset\images\3707.jpg,5,-0.706349,0.404762
Dataset\images\3708.jpg,1,0.838303,0.0907441
Dataset\images\3709.jpg,6,-0.40549,0.847369
Dataset\images\371.jpg,7,-0.591463,0.619148
Dataset\images\3710.jpg,7,-0.638792,0.658149
Dataset\images\3711.jpg,4,-0.103175,0.928571
Dataset\images\3713.jpg,5,-0.777778,0.373016
Dataset\images\3714.jpg,3,0.133713,0.599551
Dataset\images\3715.jpg,5,-0.785714,0.325397
Dataset\images\3716.jpg,2,-0.404762,-0.190476
Dataset\images\3717.jpg,3,0.119048,0.587302
Dataset\images\3718.jpg,0,-0.00483933,0.00483933
Dataset\images\3719.jpg,0,0.00793651,-0.00793651
Dataset\images\372.jpg,5,-0.779133,0.421022
Dataset\images\3721.jpg,3,0.119048,0.707672
Dataset\images\3722.jpg,0,-0.0194452,-0.0324086
Dataset\images\3723.jpg,2,-0.801953,-0.283921
Dataset\images\3725.jpg,5,-0.696864,0.421022
Dataset\images\3727.jpg,1,0.658398,0.0765579
Dataset\images\3728.jpg,4,-0.111111,0.769841
Dataset\images\3729.jpg,1,0.685818,0.0992063
Dataset\images\373.jpg,5,-0.72166,0.505689
Dataset\images\3730.jpg,1,0.214286,-0.00793651
Dataset\images\3732.jpg,6,-0.377468,0.648471
Dataset\images\3733.jpg,1,0.834446,0.322652
Dataset\images\3735.jpg,0,0.0,0.0517598
Dataset\images\3738.jpg,6,-0.769069,0.426675
Dataset\images\374.jpg,7,-0.634921,0.626984
Dataset\images\3741.jpg,5,-0.809524,0.380952
Dataset\images\3745.jpg,3,0.343694,0.567842
Dataset\images\3747.jpg,3,-0.0714286,0.595238
Dataset\images\3748.jpg,4,-0.0714286,0.642857
Dataset\images\3749.jpg,3,0.043554,0.600077
Dataset\images\375.jpg,1,0.87108,-0.0193573
Dataset\images\3751.jpg,4,-0.0677507,0.958188
Dataset\images\3753.jpg,6,-0.451692,0.734956
Dataset\images\3754.jpg,5,-0.643631,0.329075
Dataset\images\3755.jpg,1,0.84127,-0.0238095
Dataset\images\3756.jpg,0,-0.338753,-0.208091
Dataset\images\3757.jpg,6,-0.348432,0.566202
Dataset\images\3758.jpg,5,-0.087108,0.222609
Dataset\images\3759.jpg,1,0.689223,0.155561
Dataset\images\376.jpg,1,0.759144,0.297619
Dataset\images\3760.jpg,0,-0.400337,0.15276
Dataset\images\3761.jpg,7,-0.595238,0.659938
Dataset\images\3762.jpg,5,-0.681366,0.478487
Dataset\images\3763.jpg,0,-0.352929,0.115887
Dataset\images\3764.jpg,2,-0.492063,-0.222222
Dataset\images\3765.jpg,6,-0.5,0.261905
Dataset\images\3766.jpg,1,0.547918,0.259016
Dataset\images\3767.jpg,4,-0.15873,0.849206
Dataset\images\3769.jpg,5,-0.7259,0.411343
Dataset\images\377.jpg,1,0.857143,0.206349
Dataset\images\3771.jpg,1,0.425861,0.058072
Dataset\images\3772.jpg,1,0.463548,0.0790139
Dataset\images\3773.jpg,3,-0.0338753,0.813008
Dataset\images\3774.jpg,3,0.166667,0.904762
Dataset\images\3777.jpg,2,-0.774293,-0.358111
Dataset\images\3779.jpg,2,-0.283035,-0.244145
Dataset\images\378.jpg,3,0.493612,0.837205
Dataset\images\3780.jpg,7,-0.510923,0.546159
Dataset\images\3783.jpg,3,0.295199,0.590399
Dataset\images\3786.jpg,3,0.260297,0.792375
Dataset\images\3788.jpg,4,-0.0822687,0.575881
Dataset\images\379.jpg,2,-0.214286,-0.301587
Dataset\images\3791.jpg,4,-0.159394,0.891612
Dataset\images\3792.jpg,6,-0.365079,0.301587
Dataset\images\3794.jpg,7,-0.142857,0.611111
Dataset\images\3795.jpg,2,-0.720324,-0.293306
Dataset\images\3797.jpg,1,0.927096,-0.0790139
Dataset\images\3798.jpg,1,0.779133,0.116144
Dataset\images\38.jpg,5,-0.698413,0.47619
Dataset\images\380.jpg,6,-0.373016,0.761905
Dataset\images\3802.jpg,3,0.306232,0.842137
Dataset\images\3803.jpg,3,0.358637,0.612672
Dataset\images\3804.jpg,4,-0.112146,0.866977
Dataset\images\3805.jpg,6,-0.380952,0.769841
Dataset\images\3806.jpg,3,0.232288,0.633953
Dataset\images\3808.jpg,3,-0.43554,0.658149
Dataset\images\381.jpg,5,-0.584283,0.489337
Dataset\images\3810.jpg,0,0.00967867,0.00483933
Dataset\images\3811.jpg,6,-0.469415,0.817847
Dataset\images\3812.jpg,7,-0.648471,0.65331
Dataset\images\3813.jpg,6,-0.740418,0.493612
Dataset\images\3814.jpg,5,-0.71731,0.283035
Dataset\images\3817.jpg,2,-0.586611,-0.159593
Dataset\images\3818.jpg,6,-0.15528,0.366632
Dataset\images\3819.jpg,0,-0.0634921,-0.00793651
Dataset\images\382.jpg,7,-0.633953,0.643631
Dataset\images\3820.jpg,0,0.015873,0.0238095
Dataset\images\3821.jpg,6,-0.34127,0.68254
Dataset\images\3822.jpg,5,-0.735579,0.425861
Dataset\images\3823.jpg,7,-0.642857,0.626984
Dataset\images\3824.jpg,0,0.0560732,-0.00431332
Dataset\images\3825.jpg,6,-0.301587,0.253968
Dataset\images\3826.jpg,0,0.343593,-0.0774293
Dataset\images\3827.jpg,1,0.698413,-0.531746
Dataset\images\3828.jpg,4,0.246806,0.764615
Dataset\images\3829.jpg,7,-0.555556,0.634921
Dataset\images\383.jpg,6,-0.406504,0.793651
Dataset\images\3830.jpg,6,-0.412698,0.833333
Dataset\images\3831.jpg,4,-0.179055,0.779133
Dataset\images\3833.jpg,6,-0.15528,0.392512
Dataset\images\3834.jpg,3,-0.026338,0.869153
Dataset\images\3835.jpg,5,-0.179055,0.425861
Dataset\images\3838.jpg,3,0.0338753,0.687185
Dataset\images\3839.jpg,4,-0.0193573,0.919473
Dataset\images\384.jpg,1,0.532027,0.13169
Dataset\images\3840.jpg,3,0.474255,0.774293
Dataset\images\3842.jpg,3,0.203252,0.575881
Dataset\images\3843.jpg,3,0.416183,0.750097
Dataset\images\3844.jpg,3,0.126984,0.619048
Dataset\images\3846.jpg,1,0.619435,0.07259
Dataset\images\3847.jpg,6,-0.478183,0.806934
Dataset\images\385.jpg,4,-0.119546,0.846782
Dataset\images\3850.jpg,4,-0.0774293,0.716221
Dataset\images\3853.jpg,2,-0.198413,-0.365079
Dataset\images\3854.jpg,1,0.920635,0.269841
Dataset\images\3855.jpg,3,0.295199,0.740418
Dataset\images\3856.jpg,0,-0.0677507,-0.0677507
Dataset\images\3858.jpg,6,-0.246032,0.563492
Dataset\images\3859.jpg,7,-0.643631,0.648471
Dataset\images\386.jpg,6,-0.11646,0.362319
Dataset\images\3861.jpg,0,0.181159,-0.0215666
Dataset\images\3865.jpg,7,-0.65261,0.645439
Dataset\images\3866.jpg,4,-0.087108,0.764615
Dataset\images\3867.jpg,5,-0.642558,0.478183
Dataset\images\3869.jpg,1,0.905332,0.149701
Dataset\images\387.jpg,1,0.787778,0.218967
Dataset\images\3870.jpg,3,0.21777,0.600077
Dataset\images\3871.jpg,6,-0.492611,0.764843
Dataset\images\3872.jpg,2,-0.805702,-0.263403
Dataset\images\3873.jpg,5,-0.745257,0.493612
Dataset\images\3874.jpg,4,-0.142857,0.825397
Dataset\images\3875.jpg,4,-0.058072,0.677507
Dataset\images\3876.jpg,3,0.134921,0.738095
Dataset\images\3877.jpg,1,0.842044,-0.232288
Dataset\images\3878.jpg,3,-0.043554,0.774293
Dataset\images\3879.jpg,5,-0.714286,0.444444
Dataset\images\388.jpg,7,-0.667828,0.682346
Dataset\images\3880.jpg,6,-0.411343,0.687185
Dataset\images\3881.jpg,7,-0.65261,0.666954
Dataset\images\3882.jpg,6,-0.716393,0.421407
Dataset\images\3883.jpg,4,-0.043554,0.885598
Dataset\images\3884.jpg,5,-0.592748,0.473202
Dataset\images\3885.jpg,6,-0.620085,0.624406
Dataset\images\3886.jpg,4,-0.147493,0.811209
Dataset\images\3887.jpg,1,0.909795,0.125823
Dataset\images\3888.jpg,4,-0.156829,0.627317
Dataset\images\3889.jpg,2,-0.18254,-0.349206
Dataset\images\389.jpg,5,-0.754936,0.396825
Dataset\images\3890.jpg,6,-0.420928,0.813449
Dataset\images\3891.jpg,1,0.674603,-0.111111
Dataset\images\3893.jpg,3,0.15873,0.833333
Dataset\images\3897.jpg,3,0.174603,0.738095
Dataset\images\3898.jpg,3,0.00793651,0.261905
Dataset\images\3899.jpg,1,0.539683,0.00793651
Dataset\images\390.jpg,2,-0.278714,-0.164204
Dataset\images\3900.jpg,0,0.0,0.0
Dataset\images\3902.jpg,5,-0.738095,0.428571
Dataset\images\3904.jpg,6,-0.436508,0.0634921
Dataset\images\3905.jpg,0,-0.0555556,-0.0714286
Dataset\images\3906.jpg,4,-0.0873016,0.698413
Dataset\images\3907.jpg,0,0.00765579,0.00765579
Dataset\images\3908.jpg,2,-0.88165,-0.194262
Dataset\images\391.jpg,3,0.253968,0.47619
Dataset\images\3910.jpg,0,-0.0071286,-0.0071286
Dataset\images\3912.jpg,1,0.767771,0.0905797
Dataset\images\3913.jpg,6,-0.258799,0.556418
Dataset\images\3916.jpg,3,0.222222,0.928571
Dataset\images\3917.jpg,5,-0.716221,0.421022
Dataset\images\3920.jpg,1,0.789337,0.112146
Dataset\images\3921.jpg,0,-0.014518,0.00967867
Dataset\images\3922.jpg,7,-0.547389,0.593324
Dataset\images\3925.jpg,4,-0.106293,0.793651
Dataset\images\3926.jpg,6,-0.373016,0.896825
Dataset\images\3927.jpg,4,-0.111111,0.865079
Dataset\images\3929.jpg,0,0.00793651,0.00793651
Dataset\images\393.jpg,0,0.0677507,-0.00483933
Dataset\images\3930.jpg,6,-0.244145,0.477487
Dataset\images\3931.jpg,0,-0.0194452,-0.0194452
Dataset\images\3932.jpg,2,-0.492063,-0.206349
Dataset\images\3933.jpg,5,-0.734956,0.45552
Dataset\images\3934.jpg,6,-0.208091,0.469415
Dataset\images\3935.jpg,2,-0.681391,-0.0156642
Dataset\images\3936.jpg,0,0.00793651,0.0238095
Dataset\images\3937.jpg,0,-0.0555556,-0.015873
Dataset\images\3938.jpg,2,-0.904762,-0.325397
Dataset\images\3939.jpg,5,-0.365079,0.230159
Dataset\images\394.jpg,4,-0.07259,0.759775
Dataset\images\3940.jpg,5,-0.701058,0.443122
Dataset\images\3943.jpg,2,-0.647539,-0.229129
Dataset\images\3946.jpg,2,-0.772066,-0.204224
Dataset\images\3948.jpg,2,-0.735579,-0.261324
Dataset\images\3949.jpg,7,-0.445219,0.498451
Dataset\images\395.jpg,4,-0.047619,0.547619
Dataset\images\3952.jpg,2,-0.896825,-0.246032
Dataset\images\3953.jpg,6,-0.349206,0.928571
Dataset\images\3954.jpg,4,-0.194262,0.861725
Dataset\images\3955.jpg,6,-0.413429,0.821877
Dataset\images\3957.jpg,0,-0.014518,-0.00483933
Dataset\images\396.jpg,7,-0.534045,0.593384
Dataset\images\3960.jpg,3,-0.174603,0.857143
Dataset\images\3961.jpg,3,0.214286,0.825397
Dataset\images\3963.jpg,7,-0.658449,0.663717
Dataset\images\3964.jpg,5,-0.597729,0.478183
Dataset\images\3965.jpg,1,0.746032,-0.126984
Dataset\images\3966.jpg,7,-0.690476,0.634921
Dataset\images\3967.jpg,2,-0.0952381,-0.531746
Dataset\images\3968.jpg,2,-0.761905,-0.31746
Dataset\images\397.jpg,3,-0.0632111,0.879688
Dataset\images\3971.jpg,7,-0.174216,0.222609
Dataset\images\3972.jpg,3,0.0992063,0.358005
Dataset\images\3974.jpg,7,-0.595238,0.667828
Dataset\images\3975.jpg,2,-0.246032,-0.103175
Dataset\images\3976.jpg,3,0.366632,0.823844
Dataset\images\3978.jpg,7,-0.626984,0.642857
Dataset\images\398.jpg,5,-0.7259,0.382307
Dataset\images\3981.jpg,3,-0.0210704,0.900759
Dataset\images\3982.jpg,2,-0.365079,-0.150794
Dataset\images\3983.jpg,7,-0.425861,0.488773
Dataset\images\3984.jpg,3,0.0952381,0.666667
Dataset\images\3985.jpg,3,0.174603,0.698413
Dataset\images\3986.jpg,6,-0.547619,0.261905
Dataset\images\3987.jpg,7,-0.730159,0.642857
Dataset\images\399.jpg,5,-0.808169,0.440379
Dataset\images\3991.jpg,6,-0.405757,0.788547
Dataset\images\3993.jpg,1,0.769454,-0.116144
Dataset\images\3994.jpg,0,0.00793651,0.0238095
Dataset\images\3995.jpg,1,0.542005,-0.532327
Dataset\images\3996.jpg,0,0.0,-0.01294
Dataset\images\3998.jpg,7,-0.058072,0.730739
Dataset\images\4.jpg,2,-0.642857,-0.507936
Dataset\images\400.jpg,4,-0.18254,0.944444
Dataset\images\4001.jpg,5,-0.857143,0.492063
Dataset\images\4004.jpg,2,-0.595238,-0.273915
Dataset\images\4005.jpg,0,-0.0714286,-0.031746
Dataset\images\4007.jpg,6,-0.609756,0.706543
Dataset\images\4008.jpg,1,0.773235,0.156944
Dataset\images\4009.jpg,0,-0.222609,0.179055
Dataset\images\401.jpg,3,0.0241967,0.875919
Dataset\images\4010.jpg,7,-0.542937,0.662483
Dataset\images\4011.jpg,1,0.620119,0.0191395
Dataset\images\4013.jpg,0,0.00483933,0.014518
Dataset\images\4014.jpg,6,-0.421069,0.708161
Dataset\images\4015.jpg,6,-0.380952,0.722222
Dataset\images\4016.jpg,1,0.43554,0.0774293
Dataset\images\4018.jpg,7,-0.542005,0.585559
Dataset\images\4019.jpg,2,-0.698413,-0.349206
Dataset\images\402.jpg,2,-0.735579,-0.329075
Dataset\images\4020.jpg,7,-0.547918,0.662483
Dataset\images\4022.jpg,1,0.552899,0.204224
Dataset\images\4023.jpg,0,0.0774293,-0.387147
Dataset\images\4024.jpg,7,-0.459737,0.503291
Dataset\images\4025.jpg,3,0.377468,0.856562
Dataset\images\4027.jpg,2,-0.714286,-0.357143
Dataset\images\4028.jpg,6,-0.15528,0.435645
Dataset\images\4029.jpg,6,-0.301587,0.492063
Dataset\images\403.jpg,4,-0.029036,0.730739
Dataset\images\4031.jpg,2,-0.861725,-0.214186
Dataset\images\4033.jpg,6,-0.523809,0.142857
Dataset\images\4034.jpg,4,-0.0967867,0.813008
Dataset\images\4035.jpg,5,-0.730739,0.36295
Dataset\images\4036.jpg,0,0.101626,-0.00483933
Dataset\images\4037.jpg,3,0.469415,0.846883
Dataset\images\4039.jpg,7,-0.516917,0.493421
Dataset\images\4041.jpg,1,0.875919,0.14518
Dataset\images\4043.jpg,5,-0.865079,0.436508
Dataset\images\4044.jpg,2,-0.793651,-0.34127
Dataset\images\4046.jpg,2,-0.741891,-0.176846
Dataset\images\4047.jpg,7,-0.42351,0.485487
Dataset\images\4048.jpg,2,-0.826858,-0.239091
Dataset\images\405.jpg,7,-0.747998,0.484619
Dataset\images\4050.jpg,4,-0.164375,0.876669
Dataset\images\4054.jpg,5,-0.758994,0.504263
Dataset\images\4055.jpg,4,-0.0714286,0.515873
Dataset\images\4058.jpg,6,-0.407951,0.786233
Dataset\images\4059.jpg,0,0.0238095,0.0
Dataset\images\406.jpg,5,-0.130662,0.353271
Dataset\images\4060.jpg,4,-0.111111,0.904762
Dataset\images\4061.jpg,2,-0.724638,-0.241546
Dataset\images\4064.jpg,0,-0.421407,0.173831
Dataset\images\4065.jpg,4,-0.15276,0.774336
Dataset\images\4066.jpg,2,-0.531746,-0.246032
Dataset\images\4067.jpg,6,-0.329075,0.895277
Dataset\images\4068.jpg,5,-0.271164,0.522487
Dataset\images\407.jpg,6,-0.72166,0.421407
Dataset\images\4070.jpg,2,-0.626984,-0.269841
Dataset\images\4071.jpg,1,0.822687,0.120983
Dataset\images\4072.jpg,6,-0.443122,0.654762
Dataset\images\4074.jpg,5,-0.415282,0.203866
Dataset\images\4075.jpg,5,-0.611111,0.492063
Dataset\images\4076.jpg,5,-0.759775,0.425861
Dataset\images\4077.jpg,1,0.750097,0.087108
Dataset\images\4079.jpg,0,0.0153116,0.0114837
Dataset\images\4080.jpg,1,0.58184,0.00765579
Dataset\images\4081.jpg,6,-0.317715,0.539734
Dataset\images\4082.jpg,0,0.0,0.0301932
Dataset\images\4083.jpg,0,-0.0862664,-0.0388199
Dataset\images\4084.jpg,5,-0.592748,0.473202
Dataset\images\4086.jpg,4,-0.103175,0.777778
Dataset\images\4087.jpg,0,0.0238095,-0.015873
Dataset\images\4088.jpg,4,-0.106465,0.822687
Dataset\images\4089.jpg,7,-0.642857,0.738095
Dataset\images\4090.jpg,7,-0.295199,0.406504
Dataset\images\4091.jpg,2,-0.632111,-0.231774
Dataset\images\4092.jpg,3,-0.0919473,0.832365
Dataset\images\4093.jpg,7,-0.667828,0.662989
Dataset\images\4098.jpg,2,-0.150794,-0.380952
Dataset\images\4099.jpg,6,-0.34127,0.746032
Dataset\images\41.jpg,7,-0.643631,0.648471
Dataset\images\410.jpg,4,-0.0714286,-0.34127
Dataset\images\4100.jpg,6,-0.380952,0.785714
Dataset\images\4101.jpg,7,-0.638792,0.643631
Dataset\images\4102.jpg,3,0.29699,0.687104
Dataset\images\4104.jpg,3,-0.0483933,0.65331
Dataset\images\4105.jpg,1,0.742731,-0.0790139
Dataset\images\4106.jpg,5,-0.597729,0.473202
Dataset\images\4107.jpg,2,-0.865079,-0.357143
Dataset\images\4110.jpg,2,-0.701703,-0.43554
Dataset\images\4111.jpg,5,-0.730739,0.421022
Dataset\images\4112.jpg,5,-0.857143,0.420635
Dataset\images\4113.jpg,0,-0.101626,0.159698
Dataset\images\4114.jpg,4,-0.0532327,0.696864
Dataset\images\4115.jpg,6,-0.542562,0.711125
Dataset\images\4118.jpg,7,-0.416183,0.493612
Dataset\images\412.jpg,6,-0.575881,0.783972
Dataset\images\4120.jpg,5,-0.462246,0.234996
Dataset\images\4121.jpg,1,0.851723,0.0967867
Dataset\images\4122.jpg,6,-0.46324,0.796971
Dataset\images\4123.jpg,5,-0.708161,0.482315
Dataset\images\4124.jpg,0,0.015873,0.00793651
Dataset\images\4125.jpg,0,0.0348675,0.0448296
Dataset\images\4127.jpg,6,-0.667828,0.43554
Dataset\images\4128.jpg,5,-0.754936,0.377468
Dataset\images\413.jpg,2,-0.520594,-0.36365
Dataset\images\4130.jpg,2,-0.36295,-0.227449
Dataset\images\4131.jpg,3,0.462093,0.869361
Dataset\images\4132.jpg,5,-0.571429,0.31746
Dataset\images\4135.jpg,0,-0.0555556,-0.047619
Dataset\images\4136.jpg,1,0.527487,0.0822687
Dataset\images\4137.jpg,4,-0.120983,0.764615
Dataset\images\4138.jpg,0,0.0,0.0338753
Dataset\images\414.jpg,2,-0.418174,-0.421941
Dataset\images\4140.jpg,4,-0.0873016,0.849206
Dataset\images\4141.jpg,7,-0.140341,0.36295
Dataset\images\4142.jpg,6,-0.436436,0.868551
Dataset\images\4143.jpg,4,-0.125823,0.769454
Dataset\images\4144.jpg,7,-0.647914,0.67952
Dataset\images\4145.jpg,2,-0.696677,-0.283264
Dataset\images\4146.jpg,3,0.319396,0.706543
Dataset\images\4147.jpg,1,0.763458,0.327812
Dataset\images\4149.jpg,3,-0.043554,0.846883
Dataset\images\415.jpg,6,-0.31746,0.626984
Dataset\images\4150.jpg,4,-0.111305,0.754936
Dataset\images\4151.jpg,5,-0.784288,0.416991
Dataset\images\4152.jpg,0,0.015873,0.0
Dataset\images\4158.jpg,5,-0.367789,0.237127
Dataset\images\416.jpg,2,-0.621118,-0.189786
Dataset\images\4160.jpg,3,-0.043554,0.662989
Dataset\images\4161.jpg,5,-0.750097,0.411343
Dataset\images\4162.jpg,0,-0.0555556,-0.0238095
Dataset\images\4163.jpg,1,0.674603,-0.047619
Dataset\images\4164.jpg,6,-0.432552,0.74644
Dataset\images\4165.jpg,2,-0.603175,-0.261905
Dataset\images\4166.jpg,4,-0.0629113,0.300039
Dataset\images\4167.jpg,3,0.348675,0.607691
Dataset\images\4168.jpg,7,0.087108,0.614595
Dataset\images\4169.jpg,3,0.133713,0.474465
Dataset\images\417.jpg,1,0.774336,-0.0948167
Dataset\images\4170.jpg,5,-0.865079,0.484127
Dataset\images\4171.jpg,6,-0.473202,0.821877
Dataset\images\4173.jpg,1,0.754936,0.0677507
Dataset\images\4174.jpg,2,-0.866706,-0.224148
Dataset\images\4176.jpg,1,0.68254,0.047619
Dataset\images\4177.jpg,7,-0.329075,0.372629
Dataset\images\4178.jpg,1,0.900116,-0.14518
Dataset\images\4179.jpg,5,-0.809524,0.420635
Dataset\images\418.jpg,3,0.14234,0.573671
Dataset\images\4180.jpg,6,-0.452381,0.738095
Dataset\images\4181.jpg,4,-0.0822687,0.904956
Dataset\images\4183.jpg,3,0.488773,0.551684
Dataset\images\4184.jpg,7,-0.634921,0.619048
Dataset\images\4185.jpg,5,-0.732195,0.479351
Dataset\images\4186.jpg,0,0.015873,-0.00793651
Dataset\images\4187.jpg,7,-0.508069,0.662483
Dataset\images\4189.jpg,7,-0.256485,0.285521
Dataset\images\419.jpg,4,-0.0774293,0.759775
Dataset\images\4190.jpg,7,-0.522648,0.585559
Dataset\images\4191.jpg,5,-0.579365,0.309524
Dataset\images\4193.jpg,2,-0.564182,-0.393375
Dataset\images\4194.jpg,1,0.734127,0.0793651
Dataset\images\4195.jpg,0,-0.207039,-0.0905797
Dataset\images\4196.jpg,3,0.232919,0.625431
Dataset\images\4197.jpg,7,-0.666667,0.619048
Dataset\images\4198.jpg,2,-0.643631,-0.396825
Dataset\images\42.jpg,2,-0.844784,-0.324086
Dataset\images\420.jpg,5,-0.734956,0.474659
Dataset\images\4200.jpg,0,0.0298864,0.114565
Dataset\images\4202.jpg,3,0.172533,0.603865
Dataset\images\4203.jpg,4,-0.043554,0.677507
Dataset\images\4204.jpg,5,-0.421312,0.604961
Dataset\images\4205.jpg,0,0.00431332,-0.00431332
Dataset\images\4206.jpg,7,-0.658149,0.65331
Dataset\images\4207.jpg,7,-0.632111,0.668984
Dataset\images\4208.jpg,0,0.0,0.00967867
Dataset\images\4209.jpg,6,-0.483969,0.741077
Dataset\images\421.jpg,4,-0.0677507,0.793651
Dataset\images\4211.jpg,6,-0.166667,0.349206
Dataset\images\4212.jpg,0,-0.243665,0.0626566
Dataset\images\4213.jpg,7,-0.658149,0.65331
Dataset\images\4214.jpg,6,-0.458259,0.796971
Dataset\images\4215.jpg,3,0.378561,0.607691
Dataset\images\4216.jpg,3,0.166667,0.801587
Dataset\images\4217.jpg,1,0.643087,0.0267953
Dataset\images\4218.jpg,6,-0.103175,0.293651
Dataset\images\4219.jpg,5,-0.765579,0.463176
Dataset\images\422.jpg,2,-0.960317,-0.18254
Dataset\images\4220.jpg,1,0.474255,0.0193573
Dataset\images\4221.jpg,1,0.396825,0.0952381
Dataset\images\4222.jpg,4,-0.0387147,0.721061
Dataset\images\4223.jpg,2,-0.445078,-0.18797
Dataset\images\4224.jpg,0,-0.0555556,-0.0634921
Dataset\images\4225.jpg,1,0.47619,0.015873
Dataset\images\4228.jpg,4,-0.0483933,0.677507
Dataset\images\4229.jpg,6,-0.293651,0.634921
Dataset\images\423.jpg,6,-0.696864,0.430701
Dataset\images\4230.jpg,1,0.767085,0.393505
Dataset\images\4231.jpg,0,0.0,0.00793651
Dataset\images\4232.jpg,7,-0.65873,0.634921
Dataset\images\4235.jpg,7,-0.650794,0.626984
Dataset\images\4236.jpg,7,-0.440379,0.469415
Dataset\images\4237.jpg,6,-0.411343,0.682346
Dataset\images\4238.jpg,3,-0.0632111,0.85335
Dataset\images\4239.jpg,4,-0.149432,0.876669
Dataset\images\424.jpg,5,-0.634921,0.746032
Dataset\images\4241.jpg,4,-0.15873,0.753968
Dataset\images\4243.jpg,6,-0.522487,0.701058
Dataset\images\4244.jpg,1,0.822687,0.0241967
Dataset\images\4245.jpg,2,-0.505282,-0.287092
Dataset\images\4247.jpg,0,-0.0038279,0.0
Dataset\images\4248.jpg,3,0.0316056,0.884956
Dataset\images\4250.jpg,4,-0.0952381,0.603175
Dataset\images\4252.jpg,1,0.754936,0.0532327
Dataset\images\4254.jpg,0,0.0,-0.100134
Dataset\images\4256.jpg,5,-0.619435,0.440379
Dataset\images\4258.jpg,3,0.0842815,0.827012
Dataset\images\4259.jpg,1,0.734629,0.0904159
Dataset\images\4260.jpg,1,0.510957,-0.0474083
Dataset\images\4261.jpg,5,-0.597729,0.478183
Dataset\images\4263.jpg,4,-0.206349,0.912698
Dataset\images\4264.jpg,6,-0.333914,0.280681
Dataset\images\4265.jpg,2,-0.689223,-0.211466
Dataset\images\4266.jpg,7,-0.634921,0.619048
Dataset\images\4267.jpg,2,-0.721061,-0.367789
Dataset\images\4268.jpg,5,-0.714286,0.357143
Dataset\images\4269.jpg,5,-0.742731,0.510957
Dataset\images\427.jpg,2,-0.769841,-0.373016
Dataset\images\4270.jpg,6,-0.484127,0.666667
Dataset\images\4271.jpg,3,-0.214286,0.634921
Dataset\images\4272.jpg,0,0.0193573,-0.183895
Dataset\images\4274.jpg,4,-0.0873016,0.68254
Dataset\images\4275.jpg,6,-0.159593,0.427019
Dataset\images\4276.jpg,0,-0.384534,0.205436
Dataset\images\4277.jpg,1,0.928571,0.15873
Dataset\images\428.jpg,0,-0.0873016,-0.0793651
Dataset\images\4280.jpg,0,-0.43554,0.101626
Dataset\images\4281.jpg,7,-0.65331,0.658149
Dataset\images\4282.jpg,6,-0.36295,0.880759
Dataset\images\4283.jpg,7,-0.626984,0.626984
Dataset\images\4285.jpg,6,-0.428571,0.68254
Dataset\images\4286.jpg,0,0.00862664,-0.0431332
Dataset\images\4289.jpg,6,-0.7259,0.532327
Dataset\images\429.jpg,5,-0.761905,0.634921
Dataset\images\4291.jpg,6,-0.460317,0.650794
Dataset\images\4292.jpg,0,0.0948167,-0.421407
Dataset\images\4293.jpg,1,0.799412,0.254948
Dataset\images\4296.jpg,1,0.841097,0.297619
Dataset\images\4297.jpg,6,-0.515873,0.269841
Dataset\images\4299.jpg,3,-0.026338,0.890223
Dataset\images\430.jpg,0,-0.015873,0.0
Dataset\images\4300.jpg,0,0.0,0.0
Dataset\images\4302.jpg,6,-0.357143,0.285714
Dataset\images\4303.jpg,1,0.563492,0.0
Dataset\images\4305.jpg,7,-0.730159,0.619048
Dataset\images\4306.jpg,5,-0.597729,0.468221
Dataset\images\4307.jpg,4,-0.0560732,0.388199
Dataset\images\4308.jpg,2,-0.507936,-0.015873
Dataset\images\431.jpg,3,0.198413,0.81746
Dataset\images\4310.jpg,3,0.0907538,0.560538
Dataset\images\4312.jpg,2,-0.886631,-0.179319
Dataset\images\4314.jpg,5,-0.857143,0.412698
Dataset\images\4315.jpg,5,-0.719645,0.45552
Dataset\images\4317.jpg,0,-0.015873,-0.0555556
Dataset\images\4318.jpg,1,0.851723,0.222609
Dataset\images\4319.jpg,0,0.440379,-0.0967867
Dataset\images\432.jpg,0,-0.0714286,-0.031746
Dataset\images\4321.jpg,4,-0.15276,0.790139
Dataset\images\4322.jpg,2,-0.750097,-0.430701
Dataset\images\4323.jpg,1,0.813492,0.00661376
Dataset\images\4326.jpg,7,-0.425861,0.469415
Dataset\images\4327.jpg,1,0.861401,0.237127
Dataset\images\433.jpg,2,-0.648172,-0.283035
Dataset\images\4330.jpg,2,-0.522648,-0.159698
Dataset\images\4333.jpg,4,-0.00483933,0.963027
Dataset\images\4334.jpg,4,-0.115887,0.811209
Dataset\images\4336.jpg,4,-0.0952381,0.626984
Dataset\images\4339.jpg,7,-0.614595,0.614595
Dataset\images\434.jpg,5,-0.712736,0.46741
Dataset\images\4340.jpg,5,-0.711382,0.469415
Dataset\images\4341.jpg,3,0.261324,0.696864
Dataset\images\4343.jpg,2,-0.888889,-0.166667
Dataset\images\4344.jpg,4,-0.222609,0.793651
Dataset\images\4345.jpg,2,-0.800674,-0.358196
Dataset\images\4346.jpg,0,-0.321323,0.0790139
Dataset\images\4348.jpg,7,-0.650794,0.690476
Dataset\images\4349.jpg,4,-0.169356,0.891612
Dataset\images\435.jpg,2,-0.134921,-0.357143
Dataset\images\4350.jpg,3,0.388889,0.896825
Dataset\images\4352.jpg,1,0.952381,0.142857
Dataset\images\4353.jpg,4,-0.189633,0.758533
Dataset\images\4355.jpg,3,-0.00483933,0.522648
Dataset\images\4357.jpg,1,0.65873,0.142857
Dataset\images\4358.jpg,4,-0.0873016,0.65873
Dataset\images\4360.jpg,3,0.169377,0.609756
Dataset\images\4361.jpg,5,-0.793651,0.388889
Dataset\images\4363.jpg,4,-0.0919473,0.914634
Dataset\images\4364.jpg,3,-0.445219,0.648471
Dataset\images\4365.jpg,1,0.759775,0.087108
Dataset\images\4367.jpg,5,-0.777778,0.468254
Dataset\images\4369.jpg,4,-0.114565,0.856744
Dataset\images\437.jpg,3,0.285521,0.662989
Dataset\images\4370.jpg,2,-0.933991,-0.0629113
Dataset\images\4371.jpg,5,-0.802879,0.485755
Dataset\images\4374.jpg,4,-0.111111,0.769841
Dataset\images\4375.jpg,3,0.0238095,0.539683
Dataset\images\4376.jpg,3,0.150794,0.738095
Dataset\images\4377.jpg,4,-0.1843,0.83682
Dataset\images\4379.jpg,3,0.241967,0.590399
Dataset\images\438.jpg,1,0.779133,-0.154859
Dataset\images\4380.jpg,6,-0.523809,0.15873
Dataset\images\4381.jpg,6,-0.0634921,0.285714
Dataset\images\4382.jpg,3,0.0677507,0.866241
Dataset\images\4383.jpg,5,-0.254486,0.560732
Dataset\images\4384.jpg,3,0.50813,0.803329
Dataset\images\4385.jpg,2,-0.734595,-0.222539
Dataset\images\4386.jpg,4,-0.164537,0.788811
Dataset\images\4387.jpg,5,-0.662989,0.329075
Dataset\images\4388.jpg,5,-0.711382,0.503291
Dataset\images\4389.jpg,4,-0.058072,0.929152
Dataset\images\439.jpg,7,-0.547619,0.68254
Dataset\images\4390.jpg,4,-0.0704722,0.933756
Dataset\images\4394.jpg,4,-0.0532327,0.827526
Dataset\images\4395.jpg,1,0.562861,0.244073
Dataset\images\4396.jpg,6,-0.774336,0.458281
Dataset\images\4399.jpg,6,-0.285714,0.626984
Dataset\images\44.jpg,7,-0.237127,0.237127
Dataset\images\4400.jpg,4,-0.183895,0.774293
Dataset\images\4402.jpg,6,-0.29036,0.474255
Dataset\images\4403.jpg,6,-0.293651,0.571429
Dataset\images\4404.jpg,1,0.79849,0.21777
Dataset\images\4405.jpg,6,-0.436508,0.253968
Dataset\images\4406.jpg,2,-0.301587,-0.134921
Dataset\images\4407.jpg,2,-0.65873,-0.293651
Dataset\images\441.jpg,1,0.452381,0.0714286
Dataset\images\4412.jpg,0,0.0,0.015873
Dataset\images\4414.jpg,2,-0.738784,-0.264125
Dataset\images\4415.jpg,6,-0.522648,0.353271
Dataset\images\4416.jpg,4,-0.0919473,0.745257
Dataset\images\4418.jpg,1,0.444444,0.0634921
Dataset\images\4419.jpg,2,-0.646998,-0.224293
Dataset\images\442.jpg,0,0.0,0.0
Dataset\images\4420.jpg,6,-0.166667,0.349206
Dataset\images\4421.jpg,7,-0.304878,0.367789
Dataset\images\4422.jpg,6,-0.269841,0.484127
Dataset\images\4424.jpg,4,-0.116144,0.846883
Dataset\images\4426.jpg,1,0.825397,0.015873
Dataset\images\4427.jpg,5,-0.464576,0.682346
Dataset\images\4429.jpg,6,-0.412698,0.801587
Dataset\images\443.jpg,0,0.0431332,0.163906
Dataset\images\4430.jpg,0,0.0,0.0114837
Dataset\images\4431.jpg,1,0.784288,0.2247
Dataset\images\4432.jpg,6,-0.412698,0.65873
Dataset\images\4434.jpg,0,-0.0714286,-0.0396825
Dataset\images\4435.jpg,5,-0.716221,0.43554
Dataset\images\4437.jpg,1,0.754936,0.469415
Dataset\images\4438.jpg,3,0.198413,0.833333
Dataset\images\4439.jpg,3,0.368599,0.537956
Dataset\images\444.jpg,3,-0.0822687,0.590399
Dataset\images\4440.jpg,7,-0.633953,0.648471
Dataset\images\4441.jpg,1,0.420635,0.0793651
Dataset\images\4443.jpg,7,-0.642857,0.642857
Dataset\images\4444.jpg,5,-0.65873,0.301587
Dataset\images\4448.jpg,4,-0.159394,0.886631
Dataset\images\4449.jpg,4,-0.173831,0.816477
Dataset\images\445.jpg,2,-0.809524,-0.373016
Dataset\images\4450.jpg,5,-0.758533,0.505689
Dataset\images\4451.jpg,1,0.842624,0.101547
Dataset\images\4452.jpg,7,-0.454897,0.503291
Dataset\images\4453.jpg,5,-0.687185,0.483933
Dataset\images\4454.jpg,7,-0.626984,0.674603
Dataset\images\4455.jpg,7,-0.650063,0.626566
Dataset\images\4457.jpg,7,-0.626984,0.65873
Dataset\images\4458.jpg,0,-0.00431332,0.0905797
Dataset\images\4459.jpg,4,-0.110189,0.687062
Dataset\images\446.jpg,0,-0.0952381,-0.0873016
Dataset\images\4460.jpg,5,-0.888889,0.396825
Dataset\images\4462.jpg,7,-0.358111,0.401665
Dataset\images\4463.jpg,3,-0.043554,0.662989
Dataset\images\4464.jpg,3,0.391986,0.87108
Dataset\images\4466.jpg,2,-0.34127,-0.134921
Dataset\images\4468.jpg,2,-0.396825,-0.174603
Dataset\images\4469.jpg,4,-0.0755059,0.93879
Dataset\images\447.jpg,4,-0.125313,0.853697
Dataset\images\4470.jpg,7,-0.353271,0.430701
Dataset\images\4471.jpg,0,0.0258799,-0.00431332
Dataset\images\4473.jpg,5,-0.904762,0.396825
Dataset\images\4474.jpg,2,-0.912698,-0.031746
Dataset\images\4478.jpg,5,-0.730739,0.367789
Dataset\images\4479.jpg,1,0.920635,0.198413
Dataset\images\448.jpg,3,0.0238095,0.460317
Dataset\images\4480.jpg,2,-0.616291,-0.260297
Dataset\images\4481.jpg,1,0.704333,0.122493
Dataset\images\4482.jpg,6,-0.779604,0.463548
Dataset\images\4483.jpg,5,-0.396825,0.65873
Dataset\images\4486.jpg,6,-0.444444,0.166667
Dataset\images\4487.jpg,6,-0.594158,0.689223
Dataset\images\4489.jpg,5,-0.833333,0.412698
Dataset\images\449.jpg,4,-0.12416,0.650015
Dataset\images\4490.jpg,3,0.142857,0.81746
Dataset\images\4491.jpg,2,-0.552105,-0.207039
Dataset\images\4492.jpg,5,-0.745257,0.445219
Dataset\images\4493.jpg,0,0.00793651,0.0238095
Dataset\images\4495.jpg,4,-0.111111,0.777778
Dataset\images\4496.jpg,4,-0.0822687,0.827526
Dataset\images\4497.jpg,3,0.126984,0.531746
Dataset\images\4499.jpg,5,-0.745257,0.348432
Dataset\images\45.jpg,3,0.187567,0.803858
Dataset\images\450.jpg,1,0.537295,0.163295
Dataset\images\4500.jpg,3,-0.0210704,0.884956
Dataset\images\4503.jpg,2,-0.888889,-0.365079
Dataset\images\4504.jpg,5,-0.244709,0.568783
Dataset\images\4505.jpg,1,0.735579,0.111305
Dataset\images\4506.jpg,7,-0.459737,0.503291
Dataset\images\4507.jpg,6,-0.438596,0.763272
Dataset\images\4508.jpg,0,0.00793651,0.00793651
Dataset\images\4509.jpg,4,-0.174338,0.801953
Dataset\images\451.jpg,5,-0.880952,0.261905
Dataset\images\4511.jpg,0,0.0,-0.00967867
Dataset\images\4512.jpg,1,0.500421,0.15276
Dataset\images\4513.jpg,6,-0.245859,0.560732
Dataset\images\4514.jpg,4,-0.0677507,0.358111
Dataset\images\4516.jpg,4,-0.087108,0.783972
Dataset\images\4518.jpg,3,0.207684,0.808485
Dataset\images\4519.jpg,3,0.190476,0.968254
Dataset\images\452.jpg,2,-0.126984,-0.603175
Dataset\images\4520.jpg,2,-0.142857,-0.31746
Dataset\images\4521.jpg,6,-0.428571,0.206349
Dataset\images\4523.jpg,5,-0.706349,0.444444
Dataset\images\4524.jpg,2,-0.809524,-0.277778
Dataset\images\4525.jpg,0,0.015873,0.0
Dataset\images\4526.jpg,3,0.134921,0.698413
Dataset\images\4527.jpg,1,0.945767,0.21164
Dataset\images\4529.jpg,1,0.612464,0.0421069
Dataset\images\453.jpg,6,-0.451692,0.715817
Dataset\images\4530.jpg,0,-0.0172846,-0.0388903
Dataset\images\4531.jpg,3,-0.00793651,0.388889
Dataset\images\4532.jpg,1,0.785024,0.112146
Dataset\images\4533.jpg,3,0.301148,0.573671
Dataset\images\4534.jpg,5,-0.724856,0.377529
Dataset\images\4536.jpg,1,0.901484,0.0992063
Dataset\images\4538.jpg,5,-0.783972,0.474255
Dataset\images\454.jpg,3,0.150794,0.611111
Dataset\images\4541.jpg,6,-0.333333,0.666667
Dataset\images\4545.jpg,2,-0.166667,-0.404762
Dataset\images\4547.jpg,4,-0.074889,0.361533
Dataset\images\4548.jpg,5,-0.753266,0.505689
Dataset\images\455.jpg,5,-0.611111,0.753968
Dataset\images\4550.jpg,4,-0.0727513,0.787037
Dataset\images\4551.jpg,0,0.396825,-0.140341
Dataset\images\4552.jpg,6,-0.412698,0.642857
Dataset\images\4554.jpg,3,0.120983,0.890437
Dataset\images\4555.jpg,0,0.0448296,0.0647539
Dataset\images\4557.jpg,6,-0.166667,0.349206
Dataset\images\4558.jpg,1,0.77199,0.0805781
Dataset\images\456.jpg,1,0.772066,0.368599
Dataset\images\4560.jpg,0,0.0,-0.0241967
Dataset\images\4561.jpg,1,0.373016,-0.0714286
Dataset\images\4563.jpg,7,-0.531746,0.230159
Dataset\images\4565.jpg,0,-0.015873,0.015873
Dataset\images\4566.jpg,2,-0.880952,-0.134921
Dataset\images\4568.jpg,3,0.150794,0.738095
Dataset\images\4569.jpg,5,-0.689495,0.637847
Dataset\images\4571.jpg,2,-0.333333,-0.134921
Dataset\images\4572.jpg,4,-0.0952381,0.706349
Dataset\images\4573.jpg,0,0.00793651,-0.015873
Dataset\images\4575.jpg,1,0.65873,0.214286
Dataset\images\4576.jpg,3,0.198413,0.880952
Dataset\images\4577.jpg,5,-0.757233,0.45208
Dataset\images\4578.jpg,2,-0.507936,-0.325397
Dataset\images\458.jpg,7,-0.633953,0.638792
Dataset\images\4580.jpg,6,-0.393505,0.727236
Dataset\images\4583.jpg,2,-0.556418,-0.168219
Dataset\images\4585.jpg,3,0.154859,0.498451
Dataset\images\4586.jpg,0,-0.149432,-0.0896593
Dataset\images\4587.jpg,1,0.827526,0.130662
Dataset\images\4589.jpg,7,-0.571041,0.677507
Dataset\images\459.jpg,5,-0.928571,0.31746
Dataset\images\4591.jpg,3,0.238095,0.809524
Dataset\images\4593.jpg,4,-0.0967867,0.750097
Dataset\images\4594.jpg,2,-0.34127,-0.277778
Dataset\images\4596.jpg,4,-0.0967867,0.745257
Dataset\images\4597.jpg,1,0.888889,0.174603
Dataset\images\4598.jpg,7,-0.585559,0.624274
Dataset\images\4599.jpg,3,0.338713,0.60271
Dataset\images\460.jpg,1,0.769841,0.396825
Dataset\images\4601.jpg,7,-0.648471,0.643631
Dataset\images\4602.jpg,4,-0.103175,0.761905
Dataset\images\4603.jpg,4,-0.103175,0.785714
Dataset\images\4604.jpg,0,-0.00793651,0.00793651
Dataset\images\4605.jpg,0,-0.0560732,0.146653
Dataset\images\4606.jpg,2,-0.230159,-0.309524
Dataset\images\4607.jpg,4,-0.0967867,0.774293
Dataset\images\4610.jpg,1,0.515873,-0.166667
Dataset\images\4611.jpg,7,-0.626984,0.642857
Dataset\images\4612.jpg,3,0.111305,0.856562
Dataset\images\4613.jpg,1,0.701703,-0.29036
Dataset\images\4616.jpg,3,0.111111,0.960317
Dataset\images\4617.jpg,7,-0.440379,0.469415
Dataset\images\4618.jpg,1,0.582298,-0.0733264
Dataset\images\462.jpg,3,-0.0338753,0.779133
Dataset\images\4620.jpg,0,0.00793651,-0.00793651
Dataset\images\4621.jpg,3,0.174603,0.650794
Dataset\images\4622.jpg,2,-0.412698,-0.190476
Dataset\images\4623.jpg,4,-0.111111,0.984127
Dataset\images\4624.jpg,2,-0.811915,-0.194262
Dataset\images\4625.jpg,4,-0.029036,0.716221
Dataset\images\4626.jpg,4,-0.0919473,0.788811
Dataset\images\4628.jpg,0,-0.142857,-0.15873
Dataset\images\4629.jpg,2,-0.67626,-0.358655
Dataset\images\4630.jpg,0,0.0,0.0
Dataset\images\4631.jpg,7,-0.662989,0.667828
Dataset\images\4633.jpg,6,-0.404762,0.865079
Dataset\images\4634.jpg,3,0.0603865,0.280366
Dataset\images\4636.jpg,3,0.363618,0.572823
Dataset\images\4638.jpg,7,-0.643631,0.662989
Dataset\images\4639.jpg,1,0.782128,0.0842624
Dataset\images\464.jpg,7,-0.51305,0.672445
Dataset\images\4640.jpg,0,0.015873,0.0
Dataset\images\4641.jpg,1,0.873016,0.277778
Dataset\images\4642.jpg,5,-0.702186,0.218218
Dataset\images\4644.jpg,6,-0.421407,0.489886
Dataset\images\4647.jpg,7,-0.430701,0.483933
Dataset\images\465.jpg,1,0.47619,0.00793651
Dataset\images\4651.jpg,6,-0.484127,0.642857
Dataset\images\4652.jpg,1,0.101817,-0.391604
Dataset\images\4653.jpg,2,-0.65873,-0.285714
Dataset\images\4654.jpg,1,0.896825,0.396825
Dataset\images\4655.jpg,7,-0.619048,0.626984
Dataset\images\4656.jpg,0,-0.0172846,-0.015124
Dataset\images\4658.jpg,7,-0.585559,0.682346
Dataset\images\466.jpg,5,-0.612672,0.478183
Dataset\images\4660.jpg,2,-0.938831,-0.188734
Dataset\images\4662.jpg,7,0.222222,0.444444
Dataset\images\4663.jpg,5,-0.788811,0.36295
Dataset\images\4664.jpg,6,-0.562169,0.641534
Dataset\images\4665.jpg,5,-0.769454,0.454897
Dataset\images\4666.jpg,2,-0.849206,-0.349206
Dataset\images\4667.jpg,2,-0.634921,-0.34127
Dataset\images\467.jpg,5,-0.626984,0.47619
Dataset\images\4671.jpg,1,0.452381,0.0
Dataset\images\4672.jpg,7,-0.658149,0.667828
Dataset\images\4673.jpg,4,-0.0885835,0.652493
Dataset\images\4676.jpg,6,-0.365137,0.799412
Dataset\images\4677.jpg,7,-0.65331,0.667828
Dataset\images\4679.jpg,7,-0.517809,0.561363
Dataset\images\468.jpg,5,-0.116144,0.488773
Dataset\images\4680.jpg,1,0.666667,0.0873016
Dataset\images\4682.jpg,3,0.269841,0.888889
Dataset\images\4683.jpg,7,-0.230159,0.52381
Dataset\images\4684.jpg,2,-0.619048,-0.365079
Dataset\images\4685.jpg,5,-0.746032,0.412698
Dataset\images\4686.jpg,2,-0.696864,-0.261324
Dataset\images\4687.jpg,0,0.0238095,0.0
Dataset\images\4689.jpg,3,0.0776398,0.396825
Dataset\images\469.jpg,5,-0.896825,0.365079
Dataset\images\4690.jpg,3,0.172533,0.526225
Dataset\images\4691.jpg,7,-0.319396,0.353271
Dataset\images\4693.jpg,3,0.0,0.45623
Dataset\images\4695.jpg,0,-0.0774293,0.0483933
Dataset\images\4696.jpg,3,0.18254,0.801587
Dataset\images\4697.jpg,0,0.159593,0.0474465
Dataset\images\4698.jpg,3,0.00793651,0.349206
Dataset\images\4699.jpg,6,-0.523809,0.150794
Dataset\images\47.jpg,6,-0.348675,0.632596
Dataset\images\4701.jpg,2,-0.150794,-0.349206
Dataset\images\4702.jpg,2,-0.811514,-0.233502
Dataset\images\4703.jpg,4,-0.15873,0.801587
Dataset\images\4704.jpg,1,0.681366,0.0612464
Dataset\images\4705.jpg,2,-0.826858,-0.259016
Dataset\images\471.jpg,4,-0.0946074,0.946074
Dataset\images\4710.jpg,0,0.0146071,0.00730354
Dataset\images\4713.jpg,7,-0.43554,0.488773
Dataset\images\4714.jpg,3,0.15873,0.690476
Dataset\images\4715.jpg,2,-0.730739,-0.372629
Dataset\images\4716.jpg,4,-0.100084,0.784871
Dataset\images\4717.jpg,2,-0.651311,-0.245859
Dataset\images\4718.jpg,0,-0.0793651,-0.0555556
Dataset\images\4719.jpg,1,0.68254,0.126984
Dataset\images\472.jpg,4,-0.103175,0.761905
Dataset\images\4720.jpg,1,0.720324,0.0862664
Dataset\images\4721.jpg,2,-0.634921,0.634921
Dataset\images\4722.jpg,1,0.754096,0.0880416
Dataset\images\4723.jpg,0,0.00862664,0.0862664
Dataset\images\4724.jpg,4,-0.0396825,0.634921
Dataset\images\4725.jpg,1,0.682346,0.0241967
Dataset\images\4727.jpg,5,-0.904762,0.365079
Dataset\images\4728.jpg,5,-0.692849,0.486143
Dataset\images\4729.jpg,6,-0.246032,0.555556
Dataset\images\473.jpg,3,0.29036,0.716221
Dataset\images\4730.jpg,7,-0.590399,0.706543
Dataset\images\4731.jpg,2,-0.715817,-0.298576
Dataset\images\4732.jpg,0,0.0629113,-0.00483933
Dataset\images\4733.jpg,2,-0.854835,-0.403818
Dataset\images\4734.jpg,5,-0.666667,0.444444
Dataset\images\4735.jpg,4,-0.0967867,0.783972
Dataset\images\4739.jpg,7,-0.396825,0.464576
Dataset\images\474.jpg,5,-0.517809,0.672667
Dataset\images\4741.jpg,7,-0.304878,0.440379
Dataset\images\4743.jpg,3,0.246032,0.492063
Dataset\images\4744.jpg,4,-0.0603865,0.370945
Dataset\images\4747.jpg,7,-0.430701,0.479094
Dataset\images\4748.jpg,0,-0.338753,0.280681
Dataset\images\4749.jpg,4,-0.132275,0.707672
Dataset\images\475.jpg,0,-0.0038279,0.0
Dataset\images\4750.jpg,0,-0.0873016,-0.0555556
Dataset\images\4751.jpg,3,-0.0737463,0.83228
Dataset\images\4752.jpg,2,-0.362319,-0.1294
Dataset\images\4753.jpg,7,-0.484127,0.293651
Dataset\images\4754.jpg,1,0.546845,0.0338753
Dataset\images\4755.jpg,5,-0.607691,0.483164
Dataset\images\4756.jpg,3,0.18254,0.920635
Dataset\images\4757.jpg,5,-0.896825,0.412698
Dataset\images\4758.jpg,0,-0.00483933,0.0
Dataset\images\4759.jpg,3,0.166667,0.809524
Dataset\images\476.jpg,3,0.383543,0.592748
Dataset\images\4763.jpg,2,-0.774293,-0.377468
Dataset\images\4764.jpg,4,-0.306748,0.72305
Dataset\images\4765.jpg,2,-0.826826,-0.191395
Dataset\images\4766.jpg,3,0.00730354,0.613497
Dataset\images\4767.jpg,5,-0.727513,0.15873
Dataset\images\4768.jpg,0,0.00793651,0.00793651
Dataset\images\4769.jpg,4,-0.168563,0.763801
Dataset\images\4770.jpg,3,0.403467,0.607691
Dataset\images\4771.jpg,0,-0.0714286,-0.0634921
Dataset\images\4772.jpg,5,-0.745257,0.488773
Dataset\images\4773.jpg,0,0.00793651,-0.031746
Dataset\images\4774.jpg,2,-0.849206,-0.333333
Dataset\images\4775.jpg,1,0.532027,0.105352
Dataset\images\4776.jpg,0,0.00793651,0.0
Dataset\images\4777.jpg,2,-0.642857,-0.309524
Dataset\images\4778.jpg,2,-0.624274,-0.319396
Dataset\images\4779.jpg,6,-0.376984,0.595238
Dataset\images\478.jpg,1,0.404762,0.198413
Dataset\images\4780.jpg,3,0.144138,0.4858
Dataset\images\4782.jpg,1,0.421022,0.058072
Dataset\images\4783.jpg,1,0.741891,0.0690131
Dataset\images\4787.jpg,3,0.222222,0.849206
Dataset\images\4788.jpg,6,-0.291677,0.334889
Dataset\images\4791.jpg,0,0.00431332,-0.00862664
Dataset\images\4793.jpg,7,-0.479094,0.150019
Dataset\images\4794.jpg,6,-0.34127,0.698413
Dataset\images\4795.jpg,2,-0.603175,0.0
Dataset\images\4796.jpg,1,0.658149,0.043554
Dataset\images\4797.jpg,0,0.14881,0.0234962
Dataset\images\4798.jpg,2,-0.759775,-0.377468
Dataset\images\4799.jpg,7,-0.391986,0.517809
Dataset\images\48.jpg,0,-0.0919473,-0.0677507
Dataset\images\4800.jpg,4,-0.0952381,0.650794
Dataset\images\4803.jpg,2,-0.412698,-0.190476
Dataset\images\4804.jpg,0,-0.01294,0.0
Dataset\images\4806.jpg,6,-0.523809,0.119048
Dataset\images\4807.jpg,4,-0.0822687,0.779133
Dataset\images\4808.jpg,4,-0.15873,0.793651
Dataset\images\481.jpg,4,-0.103175,0.634921
Dataset\images\4810.jpg,3,0.383543,0.552899
Dataset\images\4811.jpg,0,-0.401665,0.0919473
Dataset\images\4813.jpg,6,-0.332126,0.681504
Dataset\images\4815.jpg,5,-0.420635,0.698413
Dataset\images\4816.jpg,6,-0.138026,0.392512
Dataset\images\4817.jpg,7,-0.616805,0.672878
Dataset\images\4819.jpg,2,-0.174603,-0.166667
Dataset\images\4821.jpg,3,0.230159,0.880952
Dataset\images\4822.jpg,0,-0.00793651,0.015873
Dataset\images\4823.jpg,5,-0.81746,0.444444
Dataset\images\4825.jpg,5,-0.711698,0.431332
Dataset\images\4826.jpg,7,-0.65457,0.67371
Dataset\images\4827.jpg,5,-0.735579,0.406504
Dataset\images\4828.jpg,0,-0.0038279,0.0114837
Dataset\images\4829.jpg,4,-0.110742,0.893486
Dataset\images\483.jpg,3,0.180697,0.627126
Dataset\images\4830.jpg,3,0.338713,0.597729
Dataset\images\4831.jpg,7,-0.658149,0.667828
Dataset\images\4833.jpg,3,-0.0387147,0.629113
Dataset\images\4834.jpg,2,-0.952381,-0.205026
Dataset\images\4836.jpg,1,0.43554,-0.07259
Dataset\images\4837.jpg,7,-0.604917,0.687185
Dataset\images\4838.jpg,7,-0.648471,0.658149
Dataset\images\4839.jpg,4,-0.0193573,0.759775
Dataset\images\4840.jpg,6,-0.590399,0.677507
Dataset\images\4842.jpg,6,-0.150794,0.349206
Dataset\images\4843.jpg,3,-0.0338753,0.822687
Dataset\images\4847.jpg,2,-0.174603,-0.0396825
Dataset\images\4848.jpg,0,0.446429,0.0744048
Dataset\images\4849.jpg,6,-0.246032,0.547619
Dataset\images\4851.jpg,0,0.172533,0.01294
Dataset\images\4853.jpg,5,-0.304878,0.58072
Dataset\images\486.jpg,7,-0.648471,0.648471
Dataset\images\4860.jpg,5,-0.377529,0.196315
Dataset\images\4861.jpg,2,-0.698413,-0.404762
Dataset\images\4862.jpg,0,0.304878,-0.164537
Dataset\images\4863.jpg,0,-0.00216057,-0.0259269
Dataset\images\4864.jpg,5,-0.801587,0.388889
Dataset\images\4865.jpg,3,0.275842,0.50813
Dataset\images\4866.jpg,7,-0.58072,0.65331
Dataset\images\4867.jpg,0,-0.00793651,-0.00793651
Dataset\images\4868.jpg,2,-0.555556,-0.253968
Dataset\images\4870.jpg,2,-0.916353,0.37594
Dataset\images\4871.jpg,7,-0.592748,0.637577
Dataset\images\4872.jpg,5,-0.681504,0.431332
Dataset\images\4874.jpg,7,-0.43554,0.474255
Dataset\images\4875.jpg,1,0.662989,0.116144
Dataset\images\4876.jpg,3,0.150019,0.450058
Dataset\images\4878.jpg,4,-0.0873016,0.968254
Dataset\images\4879.jpg,5,-0.735579,0.474255
Dataset\images\4880.jpg,5,-0.735579,0.445219
Dataset\images\4881.jpg,4,-0.13947,0.796971
Dataset\images\4882.jpg,5,-0.727301,0.489971
Dataset\images\4883.jpg,5,-0.873016,0.436508
Dataset\images\4884.jpg,4,-0.173831,0.790139
Dataset\images\4885.jpg,7,-0.309524,0.563492
Dataset\images\4887.jpg,2,-0.333914,0.0
Dataset\images\489.jpg,1,0.405605,-0.179098
Dataset\images\4890.jpg,6,-0.452381,0.380952
Dataset\images\4892.jpg,7,-0.425861,0.479094
Dataset\images\4893.jpg,1,0.265751,0.0475326
Dataset\images\4894.jpg,3,0.275609,0.822998
Dataset\images\4895.jpg,4,-0.109584,0.831839
Dataset\images\4896.jpg,6,-0.484127,0.126984
Dataset\images\4898.jpg,6,-0.222222,0.365079
Dataset\images\4899.jpg,6,-0.36295,0.551684
Dataset\images\49.jpg,2,-0.556523,-0.348432
Dataset\images\4901.jpg,6,-0.253968,0.404762
Dataset\images\4902.jpg,6,-0.904762,0.214286
Dataset\images\4904.jpg,7,-0.401665,0.454897
Dataset\images\4905.jpg,2,-0.870253,-0.21097
Dataset\images\4906.jpg,7,-0.421022,0.445219
Dataset\images\4907.jpg,7,-0.546263,0.640446
Dataset\images\4908.jpg,2,-0.301587,-0.190476
Dataset\images\491.jpg,3,0.269304,0.702205
Dataset\images\4910.jpg,5,-0.714286,0.420635
Dataset\images\4911.jpg,1,0.708161,0.126321
Dataset\images\4912.jpg,7,0.198413,0.388889
Dataset\images\4913.jpg,3,0.279436,0.784719
Dataset\images\4915.jpg,6,-0.285714,0.404762
Dataset\images\4917.jpg,3,-0.103175,0.5
Dataset\images\4918.jpg,3,0.343593,0.788811
Dataset\images\4919.jpg,0,0.0,0.0
Dataset\images\492.jpg,1,0.537295,0.258112
Dataset\images\4920.jpg,0,0.0645439,-0.401606
Dataset\images\4921.jpg,1,0.876424,0.138767
Dataset\images\4923.jpg,3,0.172306,0.626566
Dataset\images\4924.jpg,4,-0.0483933,0.624274
Dataset\images\4925.jpg,7,-0.169377,0.643631
Dataset\images\4926.jpg,0,0.00793651,0.00793651
Dataset\images\4928.jpg,7,-0.382307,0.464576
Dataset\images\4930.jpg,4,-0.194262,0.876669
Dataset\images\4931.jpg,5,-0.479094,0.256485
Dataset\images\4932.jpg,4,-0.0677507,0.953349
Dataset\images\4933.jpg,4,-0.101626,0.759775
Dataset\images\4934.jpg,0,0.0038279,0.0
Dataset\images\4937.jpg,0,0.0215666,-0.00862664
Dataset\images\4938.jpg,6,-0.563492,0.373016
Dataset\images\4939.jpg,7,-0.666667,0.642857
Dataset\images\4940.jpg,1,0.36295,-0.00967867
Dataset\images\4941.jpg,2,-0.696677,-0.248813
Dataset\images\4942.jpg,4,-0.175285,0.635408
Dataset\images\4944.jpg,7,-0.203252,0.241967
Dataset\images\4946.jpg,5,-0.803329,0.493612
Dataset\images\4947.jpg,4,-0.0555556,0.809524
Dataset\images\4948.jpg,3,0.329075,0.7259
Dataset\images\495.jpg,1,0.750097,0.106465
Dataset\images\4950.jpg,7,-0.634921,0.642857
Dataset\images\4951.jpg,5,-0.469415,0.212931
Dataset\images\4952.jpg,3,0.120773,0.746204
Dataset\images\4953.jpg,0,0.347661,-0.242309
Dataset\images\4954.jpg,2,-0.75404,-0.308962
Dataset\images\4955.jpg,4,-0.173831,0.800674
Dataset\images\4956.jpg,7,-0.58072,0.638792
Dataset\images\4957.jpg,5,-0.849206,0.388889
Dataset\images\4958.jpg,6,-0.338753,0.682346
Dataset\images\4959.jpg,4,-0.0396825,0.984127
Dataset\images\496.jpg,0,0.0,-0.0193573
Dataset\images\4960.jpg,3,0.36295,0.692025
Dataset\images\4961.jpg,2,-0.888889,-0.206349
Dataset\images\4962.jpg,4,-0.125823,0.745257
Dataset\images\4963.jpg,5,-0.714286,0.468254
Dataset\images\4964.jpg,1,0.65331,0.058072
Dataset\images\4966.jpg,4,-0.0873016,0.960317
Dataset\images\4967.jpg,1,0.411343,0.043554
Dataset\images\4968.jpg,3,0.232288,0.745257
Dataset\images\4969.jpg,6,-0.275842,0.343593
Dataset\images\497.jpg,5,-0.753968,0.47619
Dataset\images\4970.jpg,2,-0.460317,-0.206349
Dataset\images\4971.jpg,2,-0.611111,-0.357143
Dataset\images\4973.jpg,6,-0.338753,0.614595
Dataset\images\4975.jpg,4,-0.0952381,0.968254
Dataset\images\4976.jpg,4,-0.103175,0.777778
Dataset\images\4977.jpg,7,-0.638792,0.638792
Dataset\images\4979.jpg,5,-0.801587,0.404762
Dataset\images\4980.jpg,3,0.0919473,0.701703
Dataset\images\4983.jpg,4,-0.0967867,0.779133
Dataset\images\4984.jpg,0,-0.410872,0.13169
Dataset\images\4986.jpg,7,-0.518474,0.541126
Dataset\images\4987.jpg,4,-0.0193573,0.754936
Dataset\images\4988.jpg,3,0.444444,0.873016
Dataset\images\499.jpg,0,0.0967867,-0.087108
Dataset\images\4990.jpg,0,-0.126422,-0.373999
Dataset\images\4991.jpg,4,-0.0532327,0.643631
Dataset\images\4994.jpg,5,-0.754831,0.422705
Dataset\images\4997.jpg,3,0.150966,0.685818
Dataset\images\50.jpg,2,-0.738784,-0.202879
Dataset\images\500.jpg,7,-0.608178,0.677191
Dataset\images\5001.jpg,3,0.363618,0.612672
Dataset\images\5002.jpg,5,-0.865079,0.460317
Dataset\images\5003.jpg,7,-0.666667,0.531746
Dataset\images\5004.jpg,5,-0.753266,0.505689
Dataset\images\5005.jpg,1,0.832365,0.120983
Dataset\images\5006.jpg,1,0.246032,0.452381
Dataset\images\5007.jpg,2,-0.563492,-0.261905
Dataset\images\5008.jpg,0,-0.0555556,-0.0396825
Dataset\images\5009.jpg,5,-0.18254,0.587302
Dataset\images\5010.jpg,7,-0.638792,0.648471
Dataset\images\5011.jpg,3,0.444444,0.865079
Dataset\images\5012.jpg,4,-0.105868,0.758361
Dataset\images\5013.jpg,7,-0.663717,0.668984
Dataset\images\5015.jpg,2,-0.166667,-0.666667
Dataset\images\5016.jpg,7,-0.674603,0.666667
Dataset\images\5017.jpg,5,-0.754096,0.447864
Dataset\images\5018.jpg,7,-0.658149,0.658149
Dataset\images\5019.jpg,6,-0.516224,0.774336
Dataset\images\502.jpg,6,-0.241967,0.604917
Dataset\images\5020.jpg,5,-0.746032,0.261905
Dataset\images\5021.jpg,4,-0.142225,0.742731
Dataset\images\5022.jpg,4,-0.181214,0.820497
Dataset\images\5023.jpg,3,0.179055,0.522648
Dataset\images\5024.jpg,5,-0.634921,0.47619
Dataset\images\5025.jpg,6,-0.421069,0.723473
Dataset\images\5028.jpg,0,0.0,0.00793651
Dataset\images\5029.jpg,1,0.752142,0.353656
Dataset\images\503.jpg,4,-0.238095,0.769841
Dataset\images\5031.jpg,7,-0.560006,0.63047
Dataset\images\5033.jpg,6,-0.285714,0.595238
Dataset\images\5034.jpg,0,-0.0324086,-0.0280875
Dataset\images\5035.jpg,3,0.421022,0.885598
Dataset\images\5036.jpg,2,-0.388889,-0.150794
Dataset\images\5038.jpg,5,-0.904762,0.404762
Dataset\images\5039.jpg,7,-0.626984,0.65873
Dataset\images\5040.jpg,4,-0.094893,0.776397
Dataset\images\5042.jpg,5,-0.880952,0.412698
Dataset\images\5044.jpg,6,-0.571429,0.253968
Dataset\images\5045.jpg,2,-0.825346,-0.384147
Dataset\images\5046.jpg,1,0.452381,-0.0793651
Dataset\images\5047.jpg,6,-0.404762,0.777778
Dataset\images\5049.jpg,3,0.134921,0.571429
Dataset\images\5050.jpg,6,-0.436508,0.674603
Dataset\images\5052.jpg,4,-0.104923,0.79096
Dataset\images\5054.jpg,7,-0.391986,0.503291
Dataset\images\5055.jpg,4,-0.0483933,0.875919
Dataset\images\5056.jpg,3,0.368599,0.597729
Dataset\images\5057.jpg,1,0.79199,0.378561
Dataset\images\5058.jpg,1,0.5689,0.163295
Dataset\images\506.jpg,6,-0.468254,0.412698
Dataset\images\5060.jpg,4,-0.07259,0.875919
Dataset\images\5062.jpg,2,-0.81746,-0.301587
Dataset\images\5063.jpg,4,-0.0929047,0.788609
Dataset\images\5064.jpg,2,-0.963027,-0.130662
Dataset\images\5066.jpg,2,-0.492063,-0.269841
Dataset\images\5067.jpg,6,-0.547619,0.269841
Dataset\images\5069.jpg,5,-0.759775,0.488773
Dataset\images\507.jpg,2,-0.753968,-0.34127
Dataset\images\5070.jpg,4,-0.111111,0.611111
Dataset\images\5071.jpg,1,0.833981,0.0972258
Dataset\images\5072.jpg,0,-0.00793651,0.00793651
Dataset\images\5073.jpg,1,0.803329,0.0677507
Dataset\images\5074.jpg,4,-0.119048,0.777778
Dataset\images\5075.jpg,2,-0.614595,-0.266163
Dataset\images\5076.jpg,3,0.319396,0.774293
Dataset\images\5077.jpg,4,-0.147493,0.790139
Dataset\images\5079.jpg,0,0.258459,0.0
Dataset\images\508.jpg,5,-0.666667,0.460317
Dataset\images\5080.jpg,6,-0.391986,0.600077
Dataset\images\5081.jpg,5,-0.711125,0.474083
Dataset\images\5082.jpg,6,-0.503291,0.648471
Dataset\images\5083.jpg,5,-0.730739,0.440379
Dataset\images\5085.jpg,7,-0.586611,0.707384
Dataset\images\5087.jpg,2,-0.387147,-0.193573
Dataset\images\509.jpg,0,-0.00793651,0.0238095
Dataset\images\5092.jpg,4,-0.063047,0.615636
Dataset\images\5093.jpg,7,-0.457476,0.504263
Dataset\images\5094.jpg,2,-0.899471,-0.291005
Dataset\images\5095.jpg,7,-0.857143,0.47619
Dataset\images\5096.jpg,6,-0.388889,0.722222
Dataset\images\5097.jpg,6,-0.488145,0.816896
Dataset\images\51.jpg,1,0.922565,0.0885835
Dataset\images\510.jpg,5,-0.757924,0.474659
Dataset\images\5100.jpg,3,0.333732,0.503088
Dataset\images\5101.jpg,6,-0.452381,0.809524
Dataset\images\5103.jpg,4,-0.0629113,0.600077
Dataset\images\5104.jpg,0,0.0,0.0
Dataset\images\5107.jpg,6,-0.473202,0.806934
Dataset\images\5108.jpg,3,0.368599,0.537956
Dataset\images\5109.jpg,6,-0.484127,0.174603
Dataset\images\511.jpg,1,0.608636,0.0229674
Dataset\images\5110.jpg,1,0.801573,0.125313
Dataset\images\5111.jpg,3,0.41614,0.742731
Dataset\images\5113.jpg,0,-0.121155,-0.363464
Dataset\images\5116.jpg,4,-0.029036,0.982385
Dataset\images\5117.jpg,7,-0.65331,0.658149
Dataset\images\5118.jpg,7,-0.662989,0.658149
Dataset\images\5119.jpg,6,-0.790139,0.426675
Dataset\images\5120.jpg,6,-0.421069,0.742612
Dataset\images\5121.jpg,4,-0.0701809,0.914951
Dataset\images\5122.jpg,3,-0.0629113,0.493612
Dataset\images\5123.jpg,6,-0.417241,0.669882
Dataset\images\5124.jpg,7,-0.382307,0.450058
Dataset\images\5125.jpg,7,-0.658449,0.668984
Dataset\images\5127.jpg,2,-0.388889,-0.174603
Dataset\images\5128.jpg,3,0.319396,0.696864
Dataset\images\5129.jpg,1,0.36295,0.00483933
Dataset\images\5131.jpg,2,-0.746032,-0.31746
Dataset\images\5132.jpg,7,-0.647914,0.647914
Dataset\images\5133.jpg,3,0.174603,0.952381
Dataset\images\5134.jpg,0,0.198413,0.0862664
Dataset\images\5136.jpg,5,-0.873016,0.412698
Dataset\images\5137.jpg,0,-0.0852989,0.0704643
Dataset\images\5138.jpg,3,-0.015873,0.730159
Dataset\images\5139.jpg,4,-0.047619,0.849206
Dataset\images\514.jpg,7,-0.624274,0.643631
Dataset\images\5140.jpg,0,-0.0193573,-0.014518
Dataset\images\5141.jpg,0,-0.058072,0.0483933
Dataset\images\5143.jpg,5,-0.667828,0.440379
Dataset\images\5144.jpg,0,-0.0532327,-0.0774293
Dataset\images\5145.jpg,4,-0.087108,0.595238
Dataset\images\5146.jpg,4,-0.114565,0.851763
Dataset\images\5147.jpg,7,-0.65331,0.667828
Dataset\images\515.jpg,2,-0.486143,-0.283264
Dataset\images\5150.jpg,1,0.727301,0.111009
Dataset\images\5151.jpg,6,-0.34127,0.396825
Dataset\images\5153.jpg,4,-0.0756201,0.86423
Dataset\images\5154.jpg,5,-0.746204,0.452899
Dataset\images\5155.jpg,7,-0.667828,0.658149
Dataset\images\5156.jpg,5,-0.714286,0.484127
Dataset\images\5157.jpg,5,-0.750605,0.423729
Dataset\images\5158.jpg,7,-0.542092,0.637755
Dataset\images\516.jpg,1,0.846883,0.150019
Dataset\images\5162.jpg,7,-0.663717,0.674252
Dataset\images\5166.jpg,7,-0.650794,0.634921
Dataset\images\5167.jpg,2,-0.851723,-0.241967
Dataset\images\5168.jpg,4,-0.0842137,0.784719
Dataset\images\5169.jpg,6,-0.163906,0.366632
Dataset\images\517.jpg,1,0.646998,0.0646998
Dataset\images\5171.jpg,7,-0.591463,0.621665
Dataset\images\5172.jpg,5,-0.71707,0.494291
Dataset\images\5173.jpg,5,-0.597729,0.483164
Dataset\images\5174.jpg,1,0.83228,-0.0684787
Dataset\images\5175.jpg,3,0.155279,0.574534
Dataset\images\5176.jpg,1,0.484619,0.126422
Dataset\images\5178.jpg,2,-0.615763,-0.475326
Dataset\images\5179.jpg,7,0.18254,0.396825
Dataset\images\518.jpg,3,0.36295,0.735579
Dataset\images\5180.jpg,0,0.00862664,-0.01294
Dataset\images\5182.jpg,6,-0.43638,0.708161
Dataset\images\5183.jpg,1,0.643087,0.0229674
Dataset\images\5184.jpg,0,-0.39507,0.179098
Dataset\images\5185.jpg,3,0.18254,0.960317
Dataset\images\5186.jpg,5,-0.735579,0.498451
Dataset\images\5188.jpg,2,-0.803329,0.154859
Dataset\images\519.jpg,6,-0.324675,0.823014
Dataset\images\5190.jpg,1,0.577985,-0.0733264
Dataset\images\5191.jpg,6,-0.547619,0.373016
Dataset\images\5192.jpg,0,0.39507,-0.158028
Dataset\images\5193.jpg,7,-0.560538,0.651292
Dataset\images\5195.jpg,4,-0.124766,0.280724
Dataset\images\5196.jpg,3,0.119048,0.849206
Dataset\images\5198.jpg,4,-0.159394,0.876669
Dataset\images\5199.jpg,4,-0.047619,0.84127
Dataset\images\52.jpg,7,-0.174603,0.547619
Dataset\images\520.jpg,2,-0.629745,-0.125086
Dataset\images\5200.jpg,5,-0.896825,0.380952
Dataset\images\5201.jpg,7,-0.633953,0.629113
Dataset\images\5202.jpg,6,-0.333333,0.539683
Dataset\images\5203.jpg,7,-0.647914,0.647914
Dataset\images\5206.jpg,2,-0.420635,-0.373016
Dataset\images\5207.jpg,2,-0.896825,-0.349206
Dataset\images\5209.jpg,4,-0.0661376,0.82672
Dataset\images\5210.jpg,6,-0.5,0.174603
Dataset\images\5211.jpg,0,0.0,-0.00967867
Dataset\images\5217.jpg,0,-0.00864229,-0.0540143
Dataset\images\5219.jpg,6,-0.388889,0.769841
Dataset\images\522.jpg,0,0.00793651,-0.00793651
Dataset\images\5220.jpg,7,-0.642857,0.65873
Dataset\images\5221.jpg,6,-0.428372,0.757123
Dataset\images\5222.jpg,2,-0.542304,-0.311123
Dataset\images\5223.jpg,2,-0.783972,-0.372629
Dataset\images\5224.jpg,7,-0.637379,0.663717
Dataset\images\5225.jpg,4,-0.149701,0.591674
Dataset\images\5226.jpg,0,-0.321323,-0.200169
Dataset\images\5227.jpg,5,-0.592748,0.478183
Dataset\images\523.jpg,1,0.783972,0.0822687
Dataset\images\5230.jpg,6,-0.738095,0.31746
Dataset\images\5231.jpg,3,0.0842815,0.953434
Dataset\images\5232.jpg,4,-0.158028,0.779604
Dataset\images\5233.jpg,2,-0.782028,-0.244073
Dataset\images\5234.jpg,3,0.32377,0.547918
Dataset\images\5235.jpg,0,0.0,-0.00793651
Dataset\images\5236.jpg,2,-0.679553,-0.392631
Dataset\images\5237.jpg,4,-0.0967867,0.793651
Dataset\images\5238.jpg,4,-0.119048,0.777778
Dataset\images\5239.jpg,4,-0.0967867,0.919473
Dataset\images\524.jpg,0,0.0,0.00793651
Dataset\images\5240.jpg,1,0.495154,0.0684787
Dataset\images\5241.jpg,0,0.0,0.0
Dataset\images\5242.jpg,7,-0.309717,0.358111
Dataset\images\5243.jpg,3,0.172533,0.668564
Dataset\images\5244.jpg,5,-0.193573,0.183895
Dataset\images\5245.jpg,1,0.918737,0.159593
Dataset\images\5246.jpg,2,-0.119048,-0.579365
Dataset\images\5247.jpg,0,-0.00431332,-0.0172533
Dataset\images\5248.jpg,1,0.960317,-0.0714286
Dataset\images\5249.jpg,3,0.37358,0.567842
Dataset\images\525.jpg,3,0.425861,0.667828
Dataset\images\5250.jpg,4,-0.126143,0.796279
Dataset\images\5252.jpg,7,-0.329075,0.561363
Dataset\images\5254.jpg,7,-0.6418,0.639283
Dataset\images\5255.jpg,5,-0.324235,0.493612
Dataset\images\5257.jpg,2,-0.577985,-0.159593
Dataset\images\526.jpg,3,0.0603865,0.375259
Dataset\images\5260.jpg,3,0.454897,0.866241
Dataset\images\5261.jpg,2,-0.345066,-0.138026
Dataset\images\5262.jpg,2,-0.531746,-0.214286
Dataset\images\5263.jpg,0,0.0,-0.014518
Dataset\images\5265.jpg,0,-0.0114837,-0.0153116
Dataset\images\5266.jpg,5,-0.7259,0.445219
Dataset\images\5269.jpg,2,-0.677507,-0.271003
Dataset\images\527.jpg,6,-0.468221,0.796971
Dataset\images\5270.jpg,3,0.206349,0.619048
Dataset\images\5271.jpg,0,0.031746,0.00793651
Dataset\images\5272.jpg,2,-0.666054,-0.267953
Dataset\images\5274.jpg,5,-0.753266,0.532027
Dataset\images\5276.jpg,2,-0.539165,-0.146653
Dataset\images\5277.jpg,2,-0.666667,-0.238095
Dataset\images\5279.jpg,3,-0.174603,0.865079
Dataset\images\528.jpg,0,-0.368732,-0.15276
Dataset\images\5280.jpg,0,-0.358196,0.194901
Dataset\images\5282.jpg,7,-0.629113,0.629113
Dataset\images\5283.jpg,1,0.772066,0.388524
Dataset\images\5284.jpg,7,-0.638792,0.648471
Dataset\images\5286.jpg,7,-0.643631,0.638792
Dataset\images\5287.jpg,1,0.890437,-0.111305
Dataset\images\5288.jpg,1,0.873016,0.309524
Dataset\images\529.jpg,4,-0.1294,0.754831
Dataset\images\5290.jpg,0,0.00793651,0.015873
Dataset\images\5291.jpg,7,-0.674603,0.642857
Dataset\images\5292.jpg,3,0.251645,0.522648
Dataset\images\5293.jpg,1,0.857143,0.126984
Dataset\images\5296.jpg,3,0.256485,0.585559
Dataset\images\5297.jpg,5,-0.666667,0.428571
Dataset\images\5298.jpg,0,0.0,0.0
Dataset\images\530.jpg,5,-0.880952,0.404762
Dataset\images\5301.jpg,2,-0.753968,-0.436508
Dataset\images\5302.jpg,0,0.00862664,-0.0517598
Dataset\images\5303.jpg,4,-0.126984,0.801587
Dataset\images\5305.jpg,3,-0.214286,0.912698
Dataset\images\5308.jpg,0,0.0,0.00483933
Dataset\images\5312.jpg,2,-0.43554,-0.0967867
Dataset\images\5315.jpg,4,-0.147493,0.800674
Dataset\images\5316.jpg,6,-0.304878,0.546845
Dataset\images\5318.jpg,4,-0.0338753,0.677507
Dataset\images\5319.jpg,3,0.422786,0.901202
Dataset\images\532.jpg,6,-0.562169,0.760582
Dataset\images\5320.jpg,4,-0.0629113,0.682346
Dataset\images\5322.jpg,2,-0.863885,-0.347661
Dataset\images\5324.jpg,2,-0.619048,-0.412698
Dataset\images\5326.jpg,1,0.672445,0.268978
Dataset\images\5328.jpg,0,0.0,0.00431332
Dataset\images\5329.jpg,7,-0.638792,0.643631
Dataset\images\533.jpg,3,-0.150019,0.885598
Dataset\images\5331.jpg,0,-0.347661,0.30552
Dataset\images\5332.jpg,5,-0.722222,0.47619
Dataset\images\5333.jpg,3,0.183895,0.87108
Dataset\images\5334.jpg,2,-0.68254,-0.34127
Dataset\images\5336.jpg,5,-0.428571,0.68254
Dataset\images\5338.jpg,3,-0.0632111,0.906026
Dataset\images\5339.jpg,0,0.00431332,-0.0345066
Dataset\images\5340.jpg,0,-0.0238095,0.015873
Dataset\images\5341.jpg,4,-0.119048,0.809524
Dataset\images\5342.jpg,7,-0.761905,0.47619
Dataset\images\5343.jpg,5,-0.597729,0.488145
Dataset\images\5344.jpg,4,-0.229129,0.891612
Dataset\images\5347.jpg,6,-0.380952,0.714286
Dataset\images\5348.jpg,0,-0.0873016,-0.0873016
Dataset\images\5349.jpg,5,-0.630669,0.457058
Dataset\images\5351.jpg,6,-0.43638,0.708161
Dataset\images\5352.jpg,0,0.00862664,-0.0172533
Dataset\images\5353.jpg,1,0.81746,0.325397
Dataset\images\5354.jpg,5,-0.450058,0.241967
Dataset\images\5355.jpg,0,0.0,0.00793651
Dataset\images\5356.jpg,6,-0.1294,0.353692
Dataset\images\5358.jpg,2,-0.735579,0.203252
Dataset\images\5359.jpg,7,-0.604917,0.687185
Dataset\images\536.jpg,6,-0.555556,0.253968
Dataset\images\5360.jpg,3,0.230159,0.952381
Dataset\images\5361.jpg,7,-0.658449,0.653182
Dataset\images\5362.jpg,7,-0.650794,0.634921
Dataset\images\5363.jpg,6,-0.333333,0.666667
Dataset\images\5364.jpg,6,-0.40549,0.784986
Dataset\images\5365.jpg,5,-0.68254,0.460317
Dataset\images\5366.jpg,0,-0.22686,-0.086423
Dataset\images\5367.jpg,5,-0.61346,0.493462
Dataset\images\5368.jpg,3,0.207039,0.681504
Dataset\images\5369.jpg,7,-0.662989,0.65331
Dataset\images\537.jpg,1,0.505689,0.110619
Dataset\images\5370.jpg,1,0.730159,0.595238
Dataset\images\5371.jpg,5,-0.711125,0.479351
Dataset\images\5372.jpg,6,-0.706543,0.454897
Dataset\images\5373.jpg,6,-0.253968,0.690476
Dataset\images\5374.jpg,5,-0.79849,0.556523
Dataset\images\5375.jpg,2,-0.753968,-0.34127
Dataset\images\5376.jpg,7,-0.413288,0.491266
Dataset\images\5378.jpg,3,0.343694,0.632596
Dataset\images\5379.jpg,2,-0.826858,-0.249054
Dataset\images\5380.jpg,0,0.0238095,-0.031746
Dataset\images\5383.jpg,4,-0.0952381,0.722222
Dataset\images\5384.jpg,6,-0.215666,0.478778
Dataset\images\5385.jpg,5,-0.430701,0.65331
Dataset\images\5386.jpg,3,0.181159,0.586611
Dataset\images\5387.jpg,1,0.642646,-0.0790139
Dataset\images\5388.jpg,0,-0.00432115,-0.00432115
Dataset\images\539.jpg,5,-0.677507,0.450058
Dataset\images\5391.jpg,4,-0.0532327,0.750097
Dataset\images\5392.jpg,7,-0.595238,0.642857
Dataset\images\5393.jpg,5,-0.563492,0.484127
Dataset\images\5394.jpg,4,-0.142857,0.761905
Dataset\images\5396.jpg,2,-0.677507,-0.309717
Dataset\images\5397.jpg,7,-0.579365,0.738095
Dataset\images\5398.jpg,7,-0.648471,0.65331
Dataset\images\5399.jpg,7,-0.662989,0.648471
Dataset\images\5400.jpg,1,0.595238,0.00967867
Dataset\images\5404.jpg,1,0.705858,-0.0526759
Dataset\images\5405.jpg,1,0.357143,-0.190476
Dataset\images\5406.jpg,5,-0.783972,0.367789
Dataset\images\5407.jpg,4,-0.047619,0.793651
Dataset\images\5408.jpg,6,-0.521492,0.816477
Dataset\images\5409.jpg,0,-0.14518,-0.333914
Dataset\images\541.jpg,6,-0.604917,0.711382
Dataset\images\5410.jpg,2,-0.687388,-0.189281
Dataset\images\5411.jpg,0,0.166667,0.00793651
Dataset\images\5412.jpg,0,0.00793651,0.0
Dataset\images\5414.jpg,1,0.621118,-0.0905797
Dataset\images\5415.jpg,4,-0.07259,0.769454
Dataset\images\5416.jpg,1,0.524422,0.0153116
Dataset\images\5417.jpg,2,-0.706349,-0.34127
Dataset\images\5418.jpg,2,-0.637611,-0.379338
Dataset\images\5419.jpg,1,0.521492,0.121155
Dataset\images\542.jpg,6,-0.241967,0.575881
Dataset\images\5420.jpg,7,-0.120983,0.571041
Dataset\images\5422.jpg,2,-0.662989,-0.256485
Dataset\images\5424.jpg,3,0.15873,0.809524
Dataset\images\5425.jpg,5,-0.611111,0.460317
Dataset\images\5426.jpg,5,-0.888889,0.396825
Dataset\images\5427.jpg,3,0.393505,0.592748
Dataset\images\5429.jpg,3,0.172533,0.577985
Dataset\images\543.jpg,3,0.293651,0.801587
Dataset\images\5430.jpg,3,0.41841,0.51305
Dataset\images\5431.jpg,0,-0.031746,-0.0873016
Dataset\images\5432.jpg,0,0.111305,0.00483933
Dataset\images\5433.jpg,3,0.198413,0.777778
Dataset\images\5434.jpg,6,-0.325397,0.460317
Dataset\images\5435.jpg,0,-0.310788,0.352929
Dataset\images\5436.jpg,3,0.0,0.761905
Dataset\images\5437.jpg,5,-0.721061,0.50813
Dataset\images\5440.jpg,1,0.750268,0.133976
Dataset\images\5441.jpg,6,-0.754936,0.130662
Dataset\images\5442.jpg,5,-0.754936,0.406504
Dataset\images\5444.jpg,0,0.136957,-0.321323
Dataset\images\5445.jpg,0,-0.0396825,-0.0396825
Dataset\images\5448.jpg,4,-0.111111,-0.380952
Dataset\images\545.jpg,2,-0.421022,-0.120983
Dataset\images\5450.jpg,0,-0.0532327,-0.183895
Dataset\images\5451.jpg,7,-0.338753,0.36295
Dataset\images\5452.jpg,7,-0.227449,0.662989
Dataset\images\5453.jpg,4,-0.0677507,0.735579
Dataset\images\5454.jpg,1,0.880952,0.166667
Dataset\images\5455.jpg,1,0.556523,0.0483933
Dataset\images\5456.jpg,5,-0.445219,0.658149
Dataset\images\5457.jpg,5,-0.692025,0.624274
Dataset\images\5460.jpg,2,-0.817847,-0.382307
Dataset\images\5461.jpg,0,-0.0194452,-0.0237663
Dataset\images\5462.jpg,1,0.809524,-0.126984
Dataset\images\5463.jpg,7,-0.658149,0.643631
Dataset\images\5465.jpg,6,-0.405757,0.708161
Dataset\images\5466.jpg,7,-0.650794,0.634921
Dataset\images\5468.jpg,5,-0.701058,0.489418
Dataset\images\5469.jpg,1,0.857143,-0.111111
Dataset\images\547.jpg,2,-0.672878,-0.176846
Dataset\images\5470.jpg,0,-0.0193573,-0.00967867
Dataset\images\5471.jpg,7,-0.648471,0.648471
Dataset\images\5472.jpg,7,-0.619048,0.626984
Dataset\images\5473.jpg,3,0.145503,0.621693
Dataset\images\5474.jpg,5,-0.650794,0.730159
Dataset\images\5475.jpg,1,0.769841,-0.119048
Dataset\images\5477.jpg,0,-0.136957,-0.363464
Dataset\images\5479.jpg,5,-0.888889,0.436508
Dataset\images\548.jpg,2,-0.401665,-0.222609
Dataset\images\5480.jpg,4,-0.103175,0.777778
Dataset\images\5481.jpg,2,-0.769841,-0.301587
Dataset\images\5483.jpg,5,-0.358111,0.590399
Dataset\images\5486.jpg,5,-0.436508,0.626984
Dataset\images\5487.jpg,5,-0.650794,0.47619
Dataset\images\5489.jpg,0,0.00793651,0.00793651
Dataset\images\549.jpg,6,-0.527487,0.662989
Dataset\images\5490.jpg,6,-0.5291,0.707672
Dataset\images\5492.jpg,6,-0.301587,0.238095
Dataset\images\5494.jpg,3,-0.275842,0.590399
Dataset\images\5495.jpg,2,-0.667828,-0.246806
Dataset\images\550.jpg,3,0.198413,0.871291
Dataset\images\551.jpg,2,-0.81746,-0.246032
Dataset\images\552.jpg,3,0.15873,0.515873
Dataset\images\554.jpg,4,-0.134921,0.563492
Dataset\images\555.jpg,7,-0.222222,0.587302
Dataset\images\556.jpg,2,-0.746032,-0.333333
Dataset\images\557.jpg,1,0.745257,-0.179055
Dataset\images\558.jpg,0,0.00648172,-0.00432115
Dataset\images\559.jpg,6,-0.126984,0.349206
Dataset\images\56.jpg,7,-0.648471,0.658149
Dataset\images\560.jpg,5,-0.629113,0.498451
Dataset\images\561.jpg,0,0.13169,-0.447745
Dataset\images\562.jpg,7,-0.642646,0.663717
Dataset\images\563.jpg,3,0.0819531,0.405452
Dataset\images\565.jpg,4,-0.142857,0.84127
Dataset\images\567.jpg,2,-0.277778,-0.0873016
Dataset\images\568.jpg,5,-0.607691,0.468221
Dataset\images\569.jpg,6,-0.758533,0.442478
Dataset\images\57.jpg,7,-0.439281,0.525057
Dataset\images\570.jpg,3,0.0714286,0.738095
Dataset\images\571.jpg,1,0.579365,0.301587
Dataset\images\572.jpg,0,0.0348675,0.0597729
Dataset\images\575.jpg,2,-0.590399,-0.391986
Dataset\images\576.jpg,6,-0.357143,0.293651
Dataset\images\577.jpg,3,0.30552,0.842815
Dataset\images\579.jpg,5,-0.712206,0.356103
Dataset\images\58.jpg,7,-0.595238,0.65873
Dataset\images\580.jpg,4,-0.101626,0.924313
Dataset\images\581.jpg,1,0.65457,0.038279
Dataset\images\582.jpg,7,-0.266163,0.300039
Dataset\images\583.jpg,0,-0.309717,-0.111305
Dataset\images\586.jpg,2,-0.880952,-0.293651
Dataset\images\587.jpg,4,-0.0805781,0.935745
Dataset\images\588.jpg,6,-0.365079,0.603175
Dataset\images\589.jpg,1,0.714286,0.626984
Dataset\images\590.jpg,2,-0.681504,-0.215666
Dataset\images\591.jpg,5,-0.587302,0.484127
Dataset\images\592.jpg,6,-0.396825,0.753968
Dataset\images\593.jpg,0,-0.347661,0.26338
Dataset\images\594.jpg,3,0.231551,0.55371
Dataset\images\595.jpg,0,0.015873,0.0
Dataset\images\597.jpg,4,-0.194901,0.800674
Dataset\images\598.jpg,4,-0.0967867,0.769454
Dataset\images\599.jpg,6,-0.269841,0.571429
Dataset\images\60.jpg,3,0.396825,0.759775
Dataset\images\600.jpg,7,-0.626984,0.603175
Dataset\images\601.jpg,5,-0.768535,0.444545
Dataset\images\602.jpg,2,-0.444444,-0.380952
Dataset\images\604.jpg,1,0.539165,-0.0862664
Dataset\images\605.jpg,4,-0.0629113,0.875919
Dataset\images\606.jpg,4,-0.0677507,0.94851
Dataset\images\608.jpg,6,-0.523809,0.420635
Dataset\images\61.jpg,6,-0.758533,0.453013
Dataset\images\610.jpg,2,-0.68254,-0.373016
Dataset\images\612.jpg,3,-0.0895491,0.837547
Dataset\images\614.jpg,1,0.58072,-0.014518
Dataset\images\615.jpg,2,-0.750268,-0.141632
Dataset\images\617.jpg,5,-0.677191,0.405452
Dataset\images\618.jpg,5,-0.654384,0.347327
Dataset\images\62.jpg,3,0.125086,0.487405
Dataset\images\620.jpg,1,0.753266,0.289718
Dataset\images\621.jpg,7,-0.698413,0.634921
Dataset\images\622.jpg,4,-0.0555556,0.81746
Dataset\images\623.jpg,2,-0.730159,-0.365079
Dataset\images\625.jpg,3,-0.206349,0.904762
Dataset\images\626.jpg,5,-0.758533,0.458281
Dataset\images\628.jpg,6,-0.459348,0.754096
Dataset\images\63.jpg,1,0.309524,0.150794
Dataset\images\630.jpg,1,0.741891,0.10352
Dataset\images\631.jpg,3,0.238095,0.714286
Dataset\images\632.jpg,0,0.00793651,-0.00793651
Dataset\images\634.jpg,0,-0.00483933,0.00483933
Dataset\images\635.jpg,3,0.0819531,0.375259
Dataset\images\636.jpg,1,0.822687,0.0677507
Dataset\images\638.jpg,4,-0.277778,0.888889
Dataset\images\639.jpg,7,-0.416183,0.469415
Dataset\images\64.jpg,5,-0.754936,0.421022
Dataset\images\641.jpg,2,-0.0952381,-0.579365
Dataset\images\642.jpg,5,-0.759775,0.425861
Dataset\images\643.jpg,1,0.628307,0.0727513
Dataset\images\644.jpg,6,-0.285521,0.604917
Dataset\images\646.jpg,1,0.5,0.0
Dataset\images\647.jpg,3,0.275842,0.522648
Dataset\images\648.jpg,1,0.881262,0.159761
Dataset\images\65.jpg,5,-0.460317,0.277778
Dataset\images\650.jpg,6,-0.47619,0.150794
Dataset\images\652.jpg,0,0.015873,0.0
Dataset\images\653.jpg,3,0.229674,0.834482
Dataset\images\654.jpg,6,-0.404762,0.761905
Dataset\images\655.jpg,6,-0.277778,0.634921
Dataset\images\656.jpg,3,0.18254,0.849206
Dataset\images\657.jpg,1,0.861401,0.237127
Dataset\images\658.jpg,1,0.47619,0.0793651
Dataset\images\659.jpg,0,0.00862664,-0.0172533
Dataset\images\66.jpg,1,0.787009,0.358637
Dataset\images\660.jpg,1,0.838303,0.0993864
Dataset\images\662.jpg,0,0.352929,-0.252844
Dataset\images\663.jpg,0,0.0555556,0.325397
Dataset\images\664.jpg,3,0.138026,0.672878
Dataset\images\665.jpg,7,-0.36295,0.425861
Dataset\images\666.jpg,5,-0.597729,0.478183
Dataset\images\668.jpg,2,-0.821877,-0.27894
Dataset\images\669.jpg,0,0.015873,0.0238095
Dataset\images\671.jpg,1,0.500421,0.110619
Dataset\images\673.jpg,3,0.460317,0.880952
Dataset\images\674.jpg,0,0.0,0.0
Dataset\images\678.jpg,7,-0.634921,0.603175
Dataset\images\679.jpg,4,-0.174603,0.777778
Dataset\images\68.jpg,4,-0.168563,0.790139
Dataset\images\680.jpg,4,-0.0526759,0.805942
Dataset\images\681.jpg,1,0.704333,0.0842137
Dataset\images\682.jpg,4,-0.0919473,0.885598
Dataset\images\684.jpg,1,0.822998,0.153116
Dataset\images\685.jpg,5,-0.825397,0.507936
Dataset\images\686.jpg,1,0.555556,0.00793651
Dataset\images\689.jpg,0,-0.0619771,-0.0929656
Dataset\images\69.jpg,3,0.367789,0.764615
Dataset\images\690.jpg,6,-0.579365,0.396825
Dataset\images\691.jpg,4,-0.169356,0.866706
Dataset\images\692.jpg,3,0.401665,0.880759
Dataset\images\693.jpg,1,0.563492,-0.0634921
Dataset\images\694.jpg,2,-0.0873016,-0.277778
Dataset\images\695.jpg,4,-0.158028,0.774336
Dataset\images\696.jpg,0,0.227449,0.0774293
Dataset\images\697.jpg,4,-0.13947,0.777047
Dataset\images\698.jpg,2,-0.174603,-0.293651
Dataset\images\7.jpg,5,-0.597729,0.483164
Dataset\images\70.jpg,5,-0.750097,0.372629
Dataset\images\700.jpg,5,-0.743237,0.455881
Dataset\images\702.jpg,5,-0.616308,0.505689
Dataset\images\703.jpg,1,0.87108,0.319396
Dataset\images\704.jpg,7,-0.50813,0.561363
Dataset\images\705.jpg,3,0.403467,0.627615
Dataset\images\706.jpg,4,-0.15276,0.790139
Dataset\images\707.jpg,3,0.150966,0.621118
Dataset\images\708.jpg,6,-0.705858,0.442478
Dataset\images\709.jpg,0,0.0238095,-0.00793651
Dataset\images\71.jpg,3,0.191799,0.767196
Dataset\images\710.jpg,0,-0.400337,-0.168563
Dataset\images\711.jpg,2,-0.801587,-0.293651
Dataset\images\712.jpg,5,-0.293651,0.619048
Dataset\images\713.jpg,7,-0.309717,0.358111
Dataset\images\714.jpg,4,-0.0776398,0.625431
Dataset\images\715.jpg,6,-0.406504,0.735579
Dataset\images\716.jpg,4,-0.125843,0.760093
Dataset\images\717.jpg,1,0.689022,0.0803858
Dataset\images\718.jpg,6,-0.438334,0.806934
Dataset\images\720.jpg,1,0.650794,0.111111
Dataset\images\721.jpg,4,-0.106465,0.648471
Dataset\images\722.jpg,4,-0.110619,0.784871
Dataset\images\723.jpg,0,0.0,0.0
Dataset\images\724.jpg,3,0.43004,0.875813
Dataset\images\725.jpg,1,0.706349,0.103175
Dataset\images\727.jpg,6,-0.34127,0.484127
Dataset\images\728.jpg,4,-0.119048,0.84127
Dataset\images\73.jpg,5,-0.722222,0.452381
Dataset\images\730.jpg,0,-0.00483933,-0.0241967
Dataset\images\731.jpg,2,-0.895277,-0.193573
Dataset\images\733.jpg,5,-0.696864,0.425861
Dataset\images\734.jpg,2,-0.206349,-0.373016
Dataset\images\737.jpg,7,-0.439004,0.508728
Dataset\images\738.jpg,4,-0.174603,0.674603
Dataset\images\739.jpg,6,-0.523809,0.198413
Dataset\images\74.jpg,7,-0.65261,0.666954
Dataset\images\740.jpg,6,-0.317715,0.478487
Dataset\images\741.jpg,3,0.404762,0.896825
Dataset\images\742.jpg,7,-0.603175,0.634921
Dataset\images\743.jpg,1,0.664251,0.0862664
Dataset\images\745.jpg,4,-0.0793651,0.714286
Dataset\images\746.jpg,4,-0.230159,0.801587
Dataset\images\747.jpg,6,-0.338753,0.585559
Dataset\images\748.jpg,5,-0.664251,0.388199
Dataset\images\749.jpg,3,0.275842,0.875919
Dataset\images\750.jpg,0,-0.00431332,-0.0215666
Dataset\images\751.jpg,0,0.0,0.0
Dataset\images\752.jpg,5,-0.760093,0.47317
Dataset\images\754.jpg,3,-0.087108,0.774293
Dataset\images\755.jpg,7,-0.585559,0.65331
Dataset\images\758.jpg,5,-0.737463,0.463548
Dataset\images\763.jpg,1,0.556523,-0.120983
Dataset\images\764.jpg,0,-0.0238095,-0.0238095
Dataset\images\766.jpg,6,-0.275842,0.493612
Dataset\images\768.jpg,0,0.0114837,0.0
Dataset\images\77.jpg,0,-0.0396825,-0.031746
Dataset\images\770.jpg,0,0.0,-0.015873
Dataset\images\772.jpg,0,-0.0153116,0.00765579
Dataset\images\773.jpg,7,-0.730159,0.634921
Dataset\images\776.jpg,5,-0.7259,0.483933
Dataset\images\777.jpg,2,-0.738095,-0.34127
Dataset\images\779.jpg,7,-0.464576,0.512969
Dataset\images\78.jpg,0,0.174216,0.0241967
Dataset\images\781.jpg,7,-0.624274,0.677507
Dataset\images\782.jpg,4,-0.0776398,0.737578
Dataset\images\783.jpg,4,-0.0737463,0.848083
Dataset\images\786.jpg,5,-0.658149,0.454897
Dataset\images\787.jpg,5,-0.757924,0.463176
Dataset\images\788.jpg,2,-0.452381,-0.166667
Dataset\images\789.jpg,5,-0.788547,0.467003
Dataset\images\79.jpg,3,0.367789,0.783972
Dataset\images\790.jpg,0,0.0,0.0038279
Dataset\images\791.jpg,1,0.478778,0.271739
Dataset\images\792.jpg,5,-0.697171,0.455552
Dataset\images\793.jpg,7,-0.421022,0.498451
Dataset\images\794.jpg,1,0.401665,0.0338753
Dataset\images\796.jpg,3,-0.166667,0.904762
Dataset\images\798.jpg,5,-0.912698,0.349206
Dataset\images\8.jpg,6,-0.309524,0.285714
Dataset\images\800.jpg,0,0.0603865,-0.0517598
Dataset\images\802.jpg,4,-0.0919473,0.895277
Dataset\images\803.jpg,0,0.00661376,0.00661376
Dataset\images\804.jpg,6,-0.47619,0.800264
Dataset\images\805.jpg,4,-0.106465,0.721061
Dataset\images\806.jpg,3,-0.0526759,0.821745
Dataset\images\807.jpg,6,-0.523809,0.134921
Dataset\images\809.jpg,2,-0.166667,-0.365079
Dataset\images\81.jpg,3,0.166667,0.746032
Dataset\images\810.jpg,6,-0.693544,0.559589
Dataset\images\812.jpg,4,-0.198413,0.895277
Dataset\images\814.jpg,5,-0.888889,0.420635
Dataset\images\815.jpg,3,0.0873016,0.68254
Dataset\images\816.jpg,7,-0.658149,0.65331
Dataset\images\817.jpg,1,0.505689,0.110619
Dataset\images\818.jpg,5,-0.711698,0.405452
Dataset\images\819.jpg,3,0.358637,0.527994
Dataset\images\82.jpg,4,-0.164375,0.901574
Dataset\images\821.jpg,4,-0.0819531,0.577985
Dataset\images\824.jpg,2,-0.84127,-0.373016
Dataset\images\825.jpg,5,-0.474707,0.185432
Dataset\images\826.jpg,7,-0.658449,0.674252
Dataset\images\827.jpg,1,0.711382,0.0241967
Dataset\images\828.jpg,1,0.600077,0.043554
Dataset\images\83.jpg,1,0.912698,0.134921
Dataset\images\830.jpg,6,-0.614595,0.387147
Dataset\images\831.jpg,1,0.388889,0.015873
Dataset\images\833.jpg,2,-0.904762,-0.174603
Dataset\images\834.jpg,2,-0.643851,-0.445078
Dataset\images\835.jpg,3,0.329075,0.687185
Dataset\images\836.jpg,2,-0.944444,-0.134921
Dataset\images\837.jpg,5,-0.721061,0.498451
Dataset\images\838.jpg,1,0.87108,-0.120983
Dataset\images\84.jpg,3,0.238095,0.896825
Dataset\images\840.jpg,1,0.47619,0.0555556
Dataset\images\841.jpg,2,-0.801587,-0.230159
Dataset\images\844.jpg,1,0.547619,0.015873
Dataset\images\845.jpg,5,-0.873016,0.444444
Dataset\images\846.jpg,6,-0.269841,0.619048
Dataset\images\847.jpg,4,-0.222222,0.698413
Dataset\images\848.jpg,3,0.0919473,0.546845
Dataset\images\849.jpg,7,-0.638792,0.658149
Dataset\images\851.jpg,1,0.555556,0.0714286
Dataset\images\852.jpg,6,-0.261905,0.619048
Dataset\images\853.jpg,2,-0.522648,-0.324235
Dataset\images\854.jpg,5,-0.735978,0.389939
Dataset\images\855.jpg,2,-0.365079,-0.150794
Dataset\images\858.jpg,3,0.261905,0.452381
Dataset\images\859.jpg,6,-0.420635,0.904762
Dataset\images\860.jpg,3,0.298864,0.577804
Dataset\images\861.jpg,5,-0.833333,0.420635
Dataset\images\862.jpg,2,-0.404762,-0.190476
Dataset\images\863.jpg,4,-0.114565,0.851763
Dataset\images\864.jpg,6,-0.428571,0.849206
Dataset\images\865.jpg,7,-0.353271,0.425861
Dataset\images\866.jpg,7,-0.416183,0.522648
Dataset\images\867.jpg,0,-0.150794,0.150794
Dataset\images\868.jpg,0,-0.031746,-0.0396825
Dataset\images\869.jpg,7,-0.566294,0.656901
Dataset\images\870.jpg,6,-0.0396825,0.515873
Dataset\images\871.jpg,2,-0.261905,-0.404762
Dataset\images\873.jpg,6,-0.253968,0.31746
Dataset\images\874.jpg,3,0.142857,0.603175
Dataset\images\875.jpg,1,0.914634,0.164537
Dataset\images\876.jpg,0,0.00765579,-0.0038279
Dataset\images\878.jpg,4,-0.07259,0.895277
Dataset\images\879.jpg,7,-0.537956,0.672445
Dataset\images\880.jpg,3,0.605931,0.741374
Dataset\images\881.jpg,1,0.823844,0.288992
Dataset\images\882.jpg,6,-0.269841,0.396825
Dataset\images\883.jpg,2,-0.269841,-0.333333
Dataset\images\884.jpg,7,-0.314557,0.343593
Dataset\images\885.jpg,5,-0.750097,0.464576
Dataset\images\886.jpg,6,-0.785714,0.126984
Dataset\images\89.jpg,1,0.825397,0.166667
Dataset\images\890.jpg,6,-0.436508,0.833333
Dataset\images\892.jpg,1,0.484127,0.015873
Dataset\images\893.jpg,7,-0.666667,0.619048
Dataset\images\895.jpg,1,0.542562,-0.210704
Dataset\images\898.jpg,1,0.735579,0.198413
Dataset\images\899.jpg,5,-0.603175,0.492063
Dataset\images\9.jpg,0,-0.147493,-0.379267
Dataset\images\901.jpg,6,-0.444444,0.809524
Dataset\images\902.jpg,5,-0.759775,0.445219
Dataset\images\904.jpg,7,-0.611111,0.650794
Dataset\images\905.jpg,3,0.0387147,0.783972
Dataset\images\906.jpg,0,0.0532327,-0.387147
Dataset\images\907.jpg,5,-0.515873,0.68254
Dataset\images\908.jpg,2,-0.666667,-0.325397
Dataset\images\91.jpg,2,-0.563492,-0.0634921
Dataset\images\910.jpg,7,-0.203252,0.629113
Dataset\images\912.jpg,7,-0.658149,0.65331
Dataset\images\915.jpg,4,-0.126984,0.785714
Dataset\images\917.jpg,2,-0.646998,-0.228606
Dataset\images\918.jpg,7,-0.493612,0.512969
Dataset\images\919.jpg,6,-0.353271,0.837205
Dataset\images\921.jpg,6,-0.515873,0.261905
Dataset\images\922.jpg,2,-0.928571,-0.206349
Dataset\images\924.jpg,4,-0.164375,0.896593
Dataset\images\925.jpg,3,0.285714,0.888889
Dataset\images\926.jpg,4,-0.149432,0.811915
Dataset\images\928.jpg,2,-0.431332,-0.0862664
Dataset\images\929.jpg,6,-0.515873,0.365079
Dataset\images\930.jpg,4,-0.0755059,0.571328
Dataset\images\931.jpg,5,-0.896825,0.373016
Dataset\images\933.jpg,4,-0.174603,0.666667
Dataset\images\934.jpg,3,0.184366,0.848083
Dataset\images\935.jpg,3,0.133713,0.590925
Dataset\images\936.jpg,4,-0.114565,0.841801
Dataset\images\939.jpg,1,0.801587,-0.0714286
Dataset\images\940.jpg,6,-0.373016,0.730159
Dataset\images\942.jpg,4,-0.087108,0.803329
Dataset\images\944.jpg,5,-0.764615,0.445219
Dataset\images\945.jpg,1,0.879688,-0.0948167
Dataset\images\946.jpg,6,-0.363448,0.856698
Dataset\images\947.jpg,0,0.109584,0.0597729
Dataset\images\948.jpg,4,-0.0927162,0.589675
Dataset\images\95.jpg,1,0.547619,0.015873
Dataset\images\950.jpg,5,-0.410249,0.21645
Dataset\images\953.jpg,1,0.521492,0.105352
Dataset\images\955.jpg,4,-0.230159,0.65873
Dataset\images\957.jpg,2,-0.851763,-0.179319
Dataset\images\958.jpg,3,0.166667,0.738095
Dataset\images\959.jpg,5,-0.904762,0.380952
Dataset\images\96.jpg,4,-0.15873,0.825397
Dataset\images\960.jpg,3,0.094893,0.362319
Dataset\images\961.jpg,0,-0.13169,-0.410872
Dataset\images\962.jpg,5,-0.738095,0.420635
Dataset\images\963.jpg,6,-0.395104,0.818614
Dataset\images\964.jpg,1,0.793651,-0.253968
Dataset\images\965.jpg,3,0.134921,0.730159
Dataset\images\966.jpg,6,-0.146653,0.345066
Dataset\images\967.jpg,6,-0.401665,0.754936
Dataset\images\968.jpg,4,-0.212931,0.788811
Dataset\images\969.jpg,7,-0.421022,0.464576
Dataset\images\970.jpg,2,-0.690476,-0.404762
Dataset\images\971.jpg,7,-0.648471,0.648471
Dataset\images\972.jpg,1,0.809524,0.0873016
Dataset\images\973.jpg,2,-0.65873,-0.31746
Dataset\images\974.jpg,4,-0.10352,0.672878
Dataset\images\975.jpg,6,-0.464576,0.856562
Dataset\images\976.jpg,5,-0.912698,0.357143
Dataset\images\977.jpg,5,-0.764615,0.440379
Dataset\images\978.jpg,2,-0.380952,-0.142857
Dataset\images\979.jpg,0,-0.0448296,0.0597729
Dataset\images\98.jpg,4,-0.101626,0.629113
Dataset\images\980.jpg,6,-0.700723,0.290084
Dataset\images\981.jpg,0,-0.0238095,-0.0714286
Dataset\images\982.jpg,7,-0.304878,0.324235
Dataset\images\984.jpg,1,0.600506,0.13169
Dataset\images\985.jpg,7,-0.634921,0.68254
Dataset\images\986.jpg,1,0.510957,0.105352
Dataset\images\988.jpg,3,0.426675,0.758533
Dataset\images\990.jpg,1,0.920635,0.134921
Dataset\images\991.jpg,4,-0.174338,0.861725
Dataset\images\992.jpg,5,-0.738095,0.436508
Dataset\images\994.jpg,1,0.468254,0.119048
Dataset\images\995.jpg,1,0.531746,0.015873
Dataset\images\996.jpg,6,-0.416183,0.701703
Dataset\images\999.jpg,3,0.176846,0.599551
